homeid;region;fibernode;technology;build_date;capex_cost;exclusive_flag;exclusive_servco_id;exclusive_start_date;exclusive_end_date
HP51DJLN;Jakarta Selatan;F708541;HFC;2024-04-26 0:00:00;4807348;Y;101;2025-01-01;2025-06-30
HPE5Q1G1;Jakarta Barat;F737809;FTTH;2024-04-20 0:00:00;5204643;Y;101;2025-01-01;2025-06-30
HPOB8YPB;Jakarta Timur;F125728;FTTH;2024-06-12 0:00:00;6320874;Y;101;2025-01-01;2025-06-30
HPVK2EZ0;Jakarta Utara;F926002;FTTH;2024-10-10 0:00:00;6212266;Y;101;2025-01-01;2025-06-30
HP52TC0E;Jakarta Pusat;F951618;FTTH;2024-08-01 0:00:00;3408278;Y;101;2025-01-01;2025-06-30
HPMEOF6F;Depok;F594671;FTTH;2023-05-30 0:00:00;7304216;N;;;
HPAE07JS;Tangerang;F647218;FTTH;2024-05-01 0:00:00;6531906;N;;;
HPR9C1JS;Bekasi;F272507;FTTH;2023-11-24 0:00:00;5477347;N;;;
HPZR9XFA;Jakarta Selatan;F419512;HFC;2024-12-03 0:00:00;5360267;N;;;
HPPSSGCS;Jakarta Barat;F725225;FTTH;2023-12-25 0:00:00;3873362;N;;;
HPKO9XKD;Jakarta Timur;F889057;FTTH;2024-06-28 0:00:00;5384454;N;;;
HPMRH02J;Jakarta Utara;F589033;FTTH;2024-06-09 0:00:00;4075298;N;;;
HP04IGGW;Jakarta Pusat;F706904;FTTH;2023-03-14 0:00:00;4758832;N;;;
HPRAHN9B;Depok;F796208;HFC;2023-10-11 0:00:00;3083880;N;;;
HPHKKDPZ;Tangerang;F041844;FTTH;2024-03-12 0:00:00;7320870;N;;;
HPVV6AJ8;Bekasi;F096134;FTTH;2023-10-27 0:00:00;6744852;N;;;
HPM60DF6;Jakarta Selatan;F985962;HFC;2023-08-05 0:00:00;6389001;N;;;
HPUN4TEZ;Jakarta Barat;F048343;HFC;2023-02-13 0:00:00;5008320;N;;;
HPLQSH5Z;Jakarta Timur;F637430;HFC;2023-07-26 0:00:00;7287820;N;;;
HP0VKVR2;Jakarta Utara;F797472;FTTH;2024-01-07 0:00:00;7299220;N;;;
HPDJVQGL;Jakarta Selatan;F708541;FTTH;2024-06-05 0:00:00;4773540;Y;101;2025-01-01;2025-06-30
HPDULKUF;Jakarta Barat;F737809;HFC;2023-03-20 0:00:00;7943809;Y;101;2025-01-01;2025-06-30
HPB4ZCYS;Jakarta Timur;F125728;FTTH;2024-10-01 0:00:00;4412207;Y;101;2025-01-01;2025-06-30
HP3F62PI;Jakarta Utara;F926002;HFC;2024-06-27 0:00:00;6104953;Y;101;2025-01-01;2025-06-30
HP76M9RN;Jakarta Pusat;F951618;FTTH;2024-12-17 0:00:00;3380073;Y;101;2025-01-01;2025-06-30
HPGRFOB3;Depok;F594671;HFC;2023-02-18 0:00:00;7356643;N;;;
HP9OEA4L;Tangerang;F647218;FTTH;2024-08-22 0:00:00;3439797;N;;;
HP9TYMIZ;Bekasi;F272507;FTTH;2023-10-09 0:00:00;7255598;N;;;
HPDBYUCQ;Jakarta Selatan;F419512;HFC;2024-10-29 0:00:00;5145008;N;;;
HPGRK1VS;Jakarta Barat;F725225;FTTH;2023-03-20 0:00:00;4468353;N;;;
HPLAF4IN;Jakarta Timur;F889057;FTTH;2024-11-01 0:00:00;7357072;N;;;
HP3A8O1Y;Jakarta Utara;F589033;FTTH;2023-11-28 0:00:00;3042868;N;;;
HPG3F3CE;Jakarta Pusat;F706904;HFC;2023-07-02 0:00:00;3490672;N;;;
HPYZCHDU;Depok;F796208;FTTH;2023-12-01 0:00:00;4870410;N;;;
HPBHK0DU;Tangerang;F041844;FTTH;2023-05-24 0:00:00;5580111;N;;;
HPT4ADRA;Bekasi;F096134;FTTH;2023-05-24 0:00:00;4729530;N;;;
HPTE36LQ;Jakarta Selatan;F985962;HFC;2023-09-13 0:00:00;5183700;N;;;
HP7DDEK7;Jakarta Barat;F048343;FTTH;2024-05-02 0:00:00;4115425;N;;;
HPNC9LG9;Jakarta Timur;F637430;FTTH;2023-11-13 0:00:00;4290511;N;;;
HP1LO3GC;Jakarta Utara;F797472;FTTH;2023-07-06 0:00:00;4530758;N;;;
HP7UOR0O;Jakarta Selatan;F708541;FTTH;2023-10-19 0:00:00;3069850;Y;101;2025-01-01;2025-06-30
HPA3Q27B;Jakarta Barat;F737809;FTTH;2024-02-24 0:00:00;6004973;Y;101;2025-01-01;2025-06-30
HPBXGWL2;Jakarta Timur;F125728;HFC;2024-01-21 0:00:00;6988835;Y;101;2025-01-01;2025-06-30
HPN0ZYDX;Jakarta Utara;F926002;FTTH;2023-08-06 0:00:00;7515447;Y;101;2025-01-01;2025-06-30
HPKDKCOO;Jakarta Pusat;F951618;FTTH;2024-09-17 0:00:00;4860062;Y;101;2025-01-01;2025-06-30
HP8NK99T;Depok;F594671;FTTH;2023-12-06 0:00:00;4237549;N;;;
HPCUBX4L;Tangerang;F647218;FTTH;2024-03-08 0:00:00;3759528;N;;;
HPMPK20A;Bekasi;F272507;FTTH;2024-10-18 0:00:00;6105652;N;;;
HPCQXX7Y;Jakarta Selatan;F419512;FTTH;2023-03-11 0:00:00;4544578;N;;;
HPOO2L4C;Jakarta Barat;F725225;FTTH;2023-04-09 0:00:00;4948517;N;;;
HP5WNNG6;Jakarta Timur;F889057;HFC;2024-04-29 0:00:00;5458129;N;;;
HP9E66SH;Jakarta Utara;F589033;HFC;2023-12-26 0:00:00;3684270;N;;;
HPG3U6CA;Jakarta Pusat;F706904;FTTH;2024-11-21 0:00:00;4846505;N;;;
HPZ7YZUG;Depok;F796208;FTTH;2024-06-10 0:00:00;3172460;N;;;
HPTVQAH3;Tangerang;F041844;HFC;2023-12-12 0:00:00;6753700;N;;;
HPV116WT;Bekasi;F096134;HFC;2023-03-03 0:00:00;3982792;N;;;
HPSL7LRH;Jakarta Selatan;F985962;HFC;2023-03-14 0:00:00;3186477;N;;;
HPLK60KV;Jakarta Barat;F048343;FTTH;2023-08-07 0:00:00;5505779;N;;;
HPDJEXBK;Jakarta Timur;F637430;HFC;2024-12-04 0:00:00;7190950;N;;;
HPD5CRL0;Jakarta Utara;F797472;FTTH;2024-12-25 0:00:00;4374278;N;;;
HP2ROB7M;Jakarta Selatan;F708541;FTTH;2023-07-28 0:00:00;6923264;Y;101;2025-01-01;2025-06-30
HPEQDCL5;Jakarta Barat;F737809;HFC;2024-05-21 0:00:00;5434737;Y;101;2025-01-01;2025-06-30
HPA7S269;Jakarta Timur;F125728;HFC;2024-09-14 0:00:00;4939710;Y;101;2025-01-01;2025-06-30
HPLRDZJZ;Jakarta Utara;F926002;FTTH;2023-06-16 0:00:00;7355755;Y;101;2025-01-01;2025-06-30
HPJQH18P;Jakarta Pusat;F951618;FTTH;2024-02-27 0:00:00;5168319;Y;101;2025-01-01;2025-06-30
HPNOBZ6B;Depok;F594671;FTTH;2024-05-26 0:00:00;7012916;N;;;
HP4PTXPQ;Tangerang;F647218;FTTH;2024-08-08 0:00:00;6279504;N;;;
HPFSTUDF;Bekasi;F272507;FTTH;2023-02-28 0:00:00;5079299;N;;;
HPIWETTL;Jakarta Selatan;F419512;FTTH;2024-05-08 0:00:00;7990194;N;;;
HPST37GY;Jakarta Barat;F725225;FTTH;2024-12-15 0:00:00;3804845;N;;;
HPQS66JL;Jakarta Timur;F889057;FTTH;2023-10-13 0:00:00;5887589;N;;;
HPA6DQAD;Jakarta Utara;F589033;HFC;2024-07-13 0:00:00;6264383;N;;;
HP4VPLF8;Jakarta Pusat;F706904;HFC;2024-01-07 0:00:00;3678590;N;;;
HPNFE1DC;Depok;F796208;FTTH;2023-06-07 0:00:00;5786744;N;;;
HPP51N28;Tangerang;F041844;FTTH;2024-07-17 0:00:00;7199982;N;;;
HPS8HCKJ;Bekasi;F096134;FTTH;2024-10-05 0:00:00;6459437;N;;;
HPPZEI08;Jakarta Selatan;F985962;FTTH;2023-08-31 0:00:00;4653039;N;;;
HPD643I8;Jakarta Barat;F048343;FTTH;2024-08-04 0:00:00;5163411;N;;;
HP1NE0P5;Jakarta Timur;F637430;FTTH;2024-03-08 0:00:00;4922097;N;;;
HPME5LDY;Jakarta Utara;F797472;FTTH;2024-07-15 0:00:00;6078491;N;;;
HP3DDU9I;Jakarta Selatan;F708541;HFC;2023-02-26 0:00:00;7270343;Y;101;2025-01-01;2025-06-30
HPYTCV4Z;Jakarta Barat;F737809;FTTH;2024-04-05 0:00:00;3398794;Y;101;2025-01-01;2025-06-30
HPH2GYLL;Jakarta Timur;F125728;FTTH;2023-12-29 0:00:00;5326779;Y;101;2025-01-01;2025-06-30
HPQ8LP74;Jakarta Utara;F926002;FTTH;2024-07-02 0:00:00;7331952;Y;101;2025-01-01;2025-06-30
HPGGSW44;Jakarta Pusat;F951618;FTTH;2024-02-28 0:00:00;7210723;Y;101;2025-01-01;2025-06-30
HPH3VSNA;Depok;F594671;HFC;2023-02-09 0:00:00;4292805;N;;;
HPJRJ3WF;Tangerang;F647218;FTTH;2023-06-18 0:00:00;5657198;N;;;
HPA12HQ7;Bekasi;F272507;FTTH;2023-10-31 0:00:00;5283504;N;;;
HPZU0B0F;Jakarta Selatan;F419512;FTTH;2023-09-27 0:00:00;5957248;N;;;
HP064ROA;Jakarta Barat;F725225;FTTH;2023-12-04 0:00:00;6995761;N;;;
HPEZL8YC;Jakarta Timur;F889057;FTTH;2024-08-03 0:00:00;4681189;N;;;
HPBEHP5W;Jakarta Utara;F589033;FTTH;2024-02-02 0:00:00;6324261;N;;;
HP7J5PF7;Jakarta Pusat;F706904;HFC;2023-10-26 0:00:00;3936442;N;;;
HPU0LVAI;Depok;F796208;FTTH;2023-04-10 0:00:00;6643886;N;;;
HPARN4C0;Tangerang;F041844;HFC;2023-02-08 0:00:00;6630640;N;;;
HPG0T6ZT;Bekasi;F096134;FTTH;2024-01-16 0:00:00;6833354;N;;;
HPS276VC;Jakarta Selatan;F985962;HFC;2023-12-03 0:00:00;7400469;N;;;
HP19K7Y8;Jakarta Barat;F048343;FTTH;2024-07-31 0:00:00;4484263;N;;;
HPJOKRO1;Jakarta Timur;F637430;HFC;2024-10-04 0:00:00;4975767;N;;;
HPGXCQLI;Jakarta Utara;F797472;FTTH;2024-09-11 0:00:00;6698163;N;;;
HP6WK1NJ;Jakarta Selatan;F708541;FTTH;2023-02-28 0:00:00;3203959;Y;101;2025-01-01;2025-06-30
HPUI2WD7;Jakarta Barat;F737809;FTTH;2023-04-04 0:00:00;3324628;Y;101;2025-01-01;2025-06-30
HPHKXIFJ;Jakarta Timur;F125728;FTTH;2023-01-16 0:00:00;6317043;Y;101;2025-01-01;2025-06-30
HPXXS1RM;Jakarta Utara;F926002;FTTH;2023-01-14 0:00:00;7672479;Y;101;2025-01-01;2025-06-30
HPLRNAL0;Jakarta Pusat;F951618;FTTH;2023-11-07 0:00:00;4884465;Y;101;2025-01-01;2025-06-30
HP49G8TR;Depok;F594671;FTTH;2023-10-12 0:00:00;7848841;N;;;
HPRGSM7P;Tangerang;F647218;FTTH;2024-04-25 0:00:00;5168518;N;;;
HPBZIX5M;Bekasi;F272507;HFC;2023-04-25 0:00:00;3985556;N;;;
HPSXR8W9;Jakarta Selatan;F419512;FTTH;2023-06-27 0:00:00;5310469;N;;;
HPSURSEW;Jakarta Barat;F725225;FTTH;2024-08-17 0:00:00;3700167;N;;;
HP69QWE6;Jakarta Timur;F889057;FTTH;2023-07-21 0:00:00;7767305;N;;;
HP1T1T53;Jakarta Utara;F589033;FTTH;2023-04-27 0:00:00;4380763;N;;;
HP2QD9HJ;Jakarta Pusat;F706904;FTTH;2023-06-09 0:00:00;5759084;N;;;
HPDC0PB8;Depok;F796208;FTTH;2024-08-15 0:00:00;7643983;N;;;
HPVRGLJ4;Tangerang;F041844;FTTH;2024-09-22 0:00:00;6203259;N;;;
HP01ZVCA;Bekasi;F096134;FTTH;2024-05-29 0:00:00;7581166;N;;;
HPB6Z9G6;Jakarta Selatan;F985962;FTTH;2023-09-13 0:00:00;7944778;N;;;
HPI0IWZ3;Jakarta Barat;F048343;FTTH;2024-07-07 0:00:00;4709318;N;;;
HPTD6IZZ;Jakarta Timur;F637430;FTTH;2023-01-30 0:00:00;4261537;N;;;
HPVF0TOJ;Jakarta Utara;F797472;HFC;2024-01-05 0:00:00;4856385;N;;;
HP4PCYHF;Jakarta Selatan;F708541;HFC;2024-01-09 0:00:00;7163820;Y;101;2025-01-01;2025-06-30
HPMMAZZC;Jakarta Barat;F737809;HFC;2024-04-24 0:00:00;5852832;Y;101;2025-01-01;2025-06-30
HP5XPKO8;Jakarta Timur;F125728;FTTH;2023-05-03 0:00:00;6379600;Y;101;2025-01-01;2025-06-30
HP3585TD;Jakarta Utara;F926002;FTTH;2024-01-01 0:00:00;3543276;Y;101;2025-01-01;2025-06-30
HPKJUNKU;Jakarta Pusat;F951618;FTTH;2024-08-05 0:00:00;6907560;Y;101;2025-01-01;2025-06-30
HP3F2YUN;Depok;F594671;FTTH;2023-01-25 0:00:00;6866392;N;;;
HP5HFCPB;Tangerang;F647218;FTTH;2023-03-01 0:00:00;4744657;N;;;
HPGZZ3PX;Bekasi;F272507;FTTH;2023-08-12 0:00:00;3015758;N;;;
HP95OD9L;Jakarta Selatan;F419512;FTTH;2023-04-20 0:00:00;4996059;N;;;
HPI9S703;Jakarta Barat;F725225;HFC;2023-04-25 0:00:00;4228422;N;;;
HPRGV7VB;Jakarta Timur;F889057;FTTH;2023-07-21 0:00:00;5451561;N;;;
HPHX0DA8;Jakarta Utara;F589033;FTTH;2024-09-09 0:00:00;6731916;N;;;
HPXWQ1IZ;Jakarta Pusat;F706904;HFC;2023-10-16 0:00:00;6717284;N;;;
HPN0SBDT;Depok;F796208;FTTH;2024-02-02 0:00:00;7749749;N;;;
HPNN42W4;Tangerang;F041844;HFC;2023-06-19 0:00:00;3504125;N;;;
HPOBXGD3;Bekasi;F096134;FTTH;2023-03-13 0:00:00;5868769;N;;;
HPI9VCAP;Jakarta Selatan;F985962;FTTH;2024-11-21 0:00:00;3856398;N;;;
HPRPCS6E;Jakarta Barat;F048343;FTTH;2023-12-22 0:00:00;6469726;N;;;
HPGAFVKB;Jakarta Timur;F637430;FTTH;2024-09-23 0:00:00;5599114;N;;;
HP383MG5;Jakarta Utara;F797472;FTTH;2023-11-24 0:00:00;7556070;N;;;
HPISYGDC;Jakarta Selatan;F708541;FTTH;2023-12-23 0:00:00;6908662;Y;101;2025-01-01;2025-06-30
HP18ZWWC;Jakarta Barat;F737809;FTTH;2023-09-06 0:00:00;5401546;Y;101;2025-01-01;2025-06-30
HP8Q0DHX;Jakarta Timur;F125728;FTTH;2023-12-08 0:00:00;4566603;Y;101;2025-01-01;2025-06-30
HP2GDSGG;Jakarta Utara;F926002;FTTH;2023-12-15 0:00:00;3448709;Y;101;2025-01-01;2025-06-30
HPEDFOX8;Jakarta Pusat;F951618;FTTH;2024-08-05 0:00:00;7845926;Y;101;2025-01-01;2025-06-30
HP5PVACZ;Depok;F594671;HFC;2024-05-26 0:00:00;5184373;N;;;
HP9P9IJV;Tangerang;F647218;HFC;2023-02-18 0:00:00;6998363;N;;;
HPCHJ2KM;Bekasi;F272507;FTTH;2024-03-31 0:00:00;4084679;N;;;
HP0F3CUK;Jakarta Selatan;F419512;HFC;2024-05-21 0:00:00;7775668;N;;;
HP60GXIP;Jakarta Barat;F725225;FTTH;2024-02-13 0:00:00;3170807;N;;;
HPUYQXBH;Jakarta Timur;F889057;FTTH;2023-01-19 0:00:00;4738680;N;;;
HP31VMPB;Jakarta Utara;F589033;FTTH;2023-02-07 0:00:00;3406411;N;;;
HPUEN8QV;Jakarta Pusat;F706904;FTTH;2023-03-09 0:00:00;3339548;N;;;
HP0BPOV5;Depok;F796208;FTTH;2023-04-13 0:00:00;3419079;N;;;
HPQLKKAE;Tangerang;F041844;FTTH;2023-09-20 0:00:00;3427821;N;;;
HP135V6O;Bekasi;F096134;FTTH;2024-06-26 0:00:00;7581689;N;;;
HPZIBY5Y;Jakarta Selatan;F985962;FTTH;2024-09-25 0:00:00;7122941;N;;;
HPUJ20W2;Jakarta Barat;F048343;FTTH;2024-03-01 0:00:00;3989860;N;;;
HPEZ27XD;Jakarta Timur;F637430;FTTH;2023-05-08 0:00:00;5547957;N;;;
HP3U9WKH;Jakarta Utara;F797472;HFC;2023-06-02 0:00:00;3712442;N;;;
HPOUTTP9;Jakarta Selatan;F708541;FTTH;2024-12-11 0:00:00;3475946;Y;101;2025-01-01;2025-06-30
HP20M5VH;Jakarta Barat;F737809;HFC;2023-11-25 0:00:00;5762173;Y;101;2025-01-01;2025-06-30
HPTC33OE;Jakarta Timur;F125728;HFC;2023-09-27 0:00:00;7794916;Y;101;2025-01-01;2025-06-30
HPT1BS3D;Jakarta Utara;F926002;HFC;2023-01-20 0:00:00;6889413;Y;101;2025-01-01;2025-06-30
HPF3HT7L;Jakarta Pusat;F951618;HFC;2023-06-24 0:00:00;7603480;Y;101;2025-01-01;2025-06-30
HPXHD2T0;Depok;F594671;HFC;2023-09-13 0:00:00;5832171;N;;;
HPDNF41B;Tangerang;F647218;FTTH;2024-02-18 0:00:00;3288593;N;;;
HP2J4A8B;Bekasi;F272507;HFC;2023-05-01 0:00:00;5776989;N;;;
HPN3M2CP;Jakarta Selatan;F419512;FTTH;2024-12-03 0:00:00;4117386;N;;;
HPSSEG47;Jakarta Barat;F725225;FTTH;2023-08-09 0:00:00;4562575;N;;;
HPQACNAF;Jakarta Timur;F889057;HFC;2023-11-03 0:00:00;6003441;N;;;
HPL79UEZ;Jakarta Utara;F589033;HFC;2023-04-18 0:00:00;6366759;N;;;
HPKGHUTU;Jakarta Pusat;F706904;HFC;2024-09-09 0:00:00;4770844;N;;;
HP91KZKT;Depok;F796208;FTTH;2023-12-08 0:00:00;7631229;N;;;
HP11757W;Tangerang;F041844;FTTH;2023-08-08 0:00:00;4115972;N;;;
HPHP9S7E;Bekasi;F096134;HFC;2024-03-09 0:00:00;4328426;N;;;
HPS37FW2;Jakarta Selatan;F985962;FTTH;2024-03-03 0:00:00;5822937;N;;;
HP8TFO02;Jakarta Barat;F048343;FTTH;2024-12-18 0:00:00;4903066;N;;;
HPINS2SS;Jakarta Timur;F637430;HFC;2023-08-10 0:00:00;5457096;N;;;
HP938C0A;Jakarta Utara;F797472;FTTH;2024-09-27 0:00:00;3933924;N;;;
HPJ7YXXA;Jakarta Selatan;F708541;FTTH;2024-11-09 0:00:00;4995575;Y;101;2025-01-01;2025-06-30
HPEOANYW;Jakarta Barat;F737809;HFC;2023-10-11 0:00:00;6546513;Y;101;2025-01-01;2025-06-30
HPYNMLME;Jakarta Timur;F125728;FTTH;2023-12-28 0:00:00;5659964;Y;101;2025-01-01;2025-06-30
HPY5UJ0M;Jakarta Utara;F926002;FTTH;2023-09-09 0:00:00;6355417;Y;101;2025-01-01;2025-06-30
HPJR7ZBE;Jakarta Pusat;F951618;FTTH;2024-05-02 0:00:00;5271753;Y;101;2025-01-01;2025-06-30
HPY60DPY;Depok;F594671;HFC;2023-06-19 0:00:00;5330726;N;;;
HPN7ENF1;Tangerang;F647218;FTTH;2023-09-04 0:00:00;7140163;N;;;
HP00VSDM;Bekasi;F272507;HFC;2023-11-26 0:00:00;4515959;N;;;
HPRJRY5S;Jakarta Selatan;F419512;HFC;2023-03-16 0:00:00;6992724;N;;;
HPI96ABJ;Jakarta Barat;F725225;FTTH;2023-07-18 0:00:00;3834332;N;;;
HP7P5EW2;Jakarta Timur;F889057;FTTH;2024-10-05 0:00:00;6906723;N;;;
HPYYADBX;Jakarta Utara;F589033;FTTH;2023-09-28 0:00:00;3167852;N;;;
HPPTQR72;Jakarta Pusat;F706904;HFC;2023-08-22 0:00:00;7647795;N;;;
HPGH58R9;Depok;F796208;FTTH;2023-03-09 0:00:00;7703742;N;;;
HP6FA9H1;Tangerang;F041844;FTTH;2023-11-27 0:00:00;4214812;N;;;
HPEZNC1N;Bekasi;F096134;HFC;2023-09-14 0:00:00;4874924;N;;;
HPMQYS5W;Jakarta Selatan;F985962;FTTH;2024-10-23 0:00:00;4025231;N;;;
HPTZ667O;Jakarta Barat;F048343;HFC;2024-11-15 0:00:00;4555095;N;;;
HPQWLDHG;Jakarta Timur;F637430;FTTH;2023-11-25 0:00:00;3603871;N;;;
HPCGB5GJ;Jakarta Utara;F797472;FTTH;2023-10-17 0:00:00;7796503;N;;;
HPSQ2MW6;Jakarta Selatan;F708541;HFC;2024-03-24 0:00:00;5348507;Y;101;2025-01-01;2025-06-30
HPQGRDBP;Jakarta Barat;F737809;FTTH;2024-05-04 0:00:00;3774910;Y;101;2025-01-01;2025-06-30
HPB63XOJ;Jakarta Timur;F125728;FTTH;2023-08-29 0:00:00;3935629;Y;101;2025-01-01;2025-06-30
HPCZ147D;Jakarta Utara;F926002;FTTH;2024-05-15 0:00:00;6138850;Y;101;2025-01-01;2025-06-30
HPT4W63T;Jakarta Pusat;F951618;HFC;2023-03-04 0:00:00;4168633;Y;101;2025-01-01;2025-06-30
HPPZHE4J;Depok;F594671;HFC;2024-03-30 0:00:00;4808687;N;;;
HPNBVSLL;Tangerang;F647218;FTTH;2024-05-02 0:00:00;5680555;N;;;
HP9IRSJP;Bekasi;F272507;HFC;2023-05-14 0:00:00;6696540;N;;;
HPYHX89L;Jakarta Selatan;F419512;HFC;2023-05-30 0:00:00;4635106;N;;;
HPZJM1JG;Jakarta Barat;F725225;HFC;2024-08-28 0:00:00;6009667;N;;;
HPQ9KAAB;Jakarta Timur;F889057;FTTH;2023-05-24 0:00:00;5878230;N;;;
HPASBWZ3;Jakarta Utara;F589033;HFC;2024-01-06 0:00:00;4841415;N;;;
HPR5SE30;Jakarta Pusat;F706904;HFC;2023-12-11 0:00:00;5175243;N;;;
HPOYEPR5;Depok;F796208;FTTH;2024-05-19 0:00:00;3715314;N;;;
HPOTL83O;Tangerang;F041844;FTTH;2023-12-27 0:00:00;5470949;N;;;
HPCLBU4P;Bekasi;F096134;HFC;2024-08-27 0:00:00;6912859;N;;;
HP1J2JCX;Jakarta Selatan;F985962;FTTH;2024-10-05 0:00:00;4068507;N;;;
HP38L954;Jakarta Barat;F048343;FTTH;2024-05-20 0:00:00;3069102;N;;;
HPO7HZL5;Jakarta Timur;F637430;HFC;2024-09-20 0:00:00;4060014;N;;;
HPGM8DXO;Jakarta Utara;F797472;HFC;2023-05-14 0:00:00;7206024;N;;;
HP8G1ICM;Jakarta Selatan;F708541;FTTH;2024-10-31 0:00:00;4094406;Y;101;2025-01-01;2025-06-30
HP3R0YQE;Jakarta Barat;F737809;HFC;2024-02-12 0:00:00;7470485;Y;101;2025-01-01;2025-06-30
HPQWR5UW;Jakarta Timur;F125728;FTTH;2024-07-20 0:00:00;4195853;Y;101;2025-01-01;2025-06-30
HPA5RC50;Jakarta Utara;F926002;FTTH;2024-02-22 0:00:00;5150927;Y;101;2025-01-01;2025-06-30
HPFLCVRB;Jakarta Pusat;F951618;FTTH;2024-04-02 0:00:00;6270214;Y;101;2025-01-01;2025-06-30
HPILZXCY;Depok;F594671;HFC;2024-03-10 0:00:00;6867414;N;;;
HPU0J5YV;Tangerang;F647218;HFC;2024-08-26 0:00:00;6603654;N;;;
HP6HRZPS;Bekasi;F272507;HFC;2024-04-14 0:00:00;3056081;N;;;
HPQ4MPV6;Jakarta Selatan;F419512;FTTH;2023-01-17 0:00:00;4080005;N;;;
HPM9BCOE;Jakarta Barat;F725225;FTTH;2024-03-04 0:00:00;3889679;N;;;
HPXQ2U9F;Jakarta Timur;F889057;FTTH;2024-05-09 0:00:00;3115399;N;;;
HPC45TFF;Jakarta Utara;F589033;FTTH;2023-11-18 0:00:00;4806005;N;;;
HPM37C5Q;Jakarta Pusat;F706904;FTTH;2024-08-18 0:00:00;5510692;N;;;
HP07TRH1;Depok;F796208;FTTH;2023-10-24 0:00:00;5559727;N;;;
HPT1T1KJ;Tangerang;F041844;HFC;2023-04-08 0:00:00;5698637;N;;;
HPS3HSZU;Bekasi;F096134;FTTH;2024-05-18 0:00:00;3210139;N;;;
HPW04G37;Jakarta Selatan;F985962;FTTH;2024-11-12 0:00:00;3213818;N;;;
HP4PAWWS;Jakarta Barat;F048343;FTTH;2023-12-31 0:00:00;7534351;N;;;
HP61X0UY;Jakarta Timur;F637430;HFC;2024-07-07 0:00:00;5019902;N;;;
HPGWW10U;Jakarta Utara;F797472;HFC;2023-12-29 0:00:00;6066181;N;;;
HP6ZZGMF;Jakarta Selatan;F708541;FTTH;2024-05-26 0:00:00;7713608;Y;101;2025-01-01;2025-06-30
HP5EJP8H;Jakarta Barat;F737809;FTTH;2024-08-23 0:00:00;6851252;Y;101;2025-01-01;2025-06-30
HPJMOLDD;Jakarta Timur;F125728;FTTH;2023-09-01 0:00:00;4584044;Y;101;2025-01-01;2025-06-30
HPXK6IJL;Jakarta Utara;F926002;FTTH;2023-04-23 0:00:00;3403566;Y;101;2025-01-01;2025-06-30
HPZJ0QKS;Jakarta Pusat;F951618;FTTH;2023-10-26 0:00:00;3788035;Y;101;2025-01-01;2025-06-30
HPEXPFD0;Depok;F594671;FTTH;2023-04-15 0:00:00;7602422;N;;;
HP6J4MG5;Tangerang;F647218;HFC;2023-09-30 0:00:00;4516305;N;;;
HPJUKMU1;Bekasi;F272507;FTTH;2023-12-19 0:00:00;6302902;N;;;
HPR5S105;Jakarta Selatan;F419512;FTTH;2023-08-21 0:00:00;5764148;N;;;
HPXAAE8P;Jakarta Barat;F725225;FTTH;2023-10-06 0:00:00;6180667;N;;;
HPO2G10J;Jakarta Timur;F889057;FTTH;2023-04-27 0:00:00;6970561;N;;;
HPX1CV3B;Jakarta Utara;F589033;FTTH;2023-06-18 0:00:00;7623569;N;;;
HPJYDS4S;Jakarta Pusat;F706904;FTTH;2024-05-26 0:00:00;4541435;N;;;
HPT228R9;Depok;F796208;HFC;2023-03-23 0:00:00;3756801;N;;;
HPIF93QZ;Tangerang;F041844;FTTH;2023-08-04 0:00:00;3647450;N;;;
HPAF1DJ6;Bekasi;F096134;FTTH;2024-04-18 0:00:00;6569103;N;;;
HP4B8PS3;Jakarta Selatan;F985962;FTTH;2024-12-20 0:00:00;3828192;N;;;
HPBHYKAW;Jakarta Barat;F048343;FTTH;2023-10-21 0:00:00;3153864;N;;;
HPLIZLF1;Jakarta Timur;F637430;FTTH;2024-06-08 0:00:00;3144172;N;;;
HPLFISJE;Jakarta Utara;F797472;HFC;2024-10-22 0:00:00;4008253;N;;;
HP3Y390S;Jakarta Selatan;F708541;HFC;2023-03-19 0:00:00;5958367;Y;101;2025-01-01;2025-06-30
HPRVNGU6;Jakarta Barat;F737809;FTTH;2024-04-08 0:00:00;6212155;Y;101;2025-01-01;2025-06-30
HP5NQE2X;Jakarta Timur;F125728;FTTH;2024-09-27 0:00:00;7713033;Y;101;2025-01-01;2025-06-30
HPO8LQT3;Jakarta Utara;F926002;HFC;2024-05-01 0:00:00;5187967;Y;101;2025-01-01;2025-06-30
HP50RBB7;Jakarta Pusat;F951618;FTTH;2024-01-06 0:00:00;3894453;Y;101;2025-01-01;2025-06-30
HP8UUSFT;Depok;F594671;FTTH;2024-01-18 0:00:00;6210927;N;;;
HPV3QJY0;Tangerang;F647218;FTTH;2024-04-04 0:00:00;6998962;N;;;
HPETL447;Bekasi;F272507;FTTH;2024-08-11 0:00:00;7450367;N;;;
HPP1TE8Y;Jakarta Selatan;F419512;FTTH;2023-12-26 0:00:00;6480851;N;;;
HP171FB2;Jakarta Barat;F725225;HFC;2024-12-15 0:00:00;4716214;N;;;
HPMC4R4N;Jakarta Timur;F889057;FTTH;2023-01-31 0:00:00;7631177;N;;;
HPOJW8YJ;Jakarta Utara;F589033;FTTH;2023-02-26 0:00:00;3038230;N;;;
HP7M8W6S;Jakarta Pusat;F706904;FTTH;2024-08-19 0:00:00;5014832;N;;;
HPUW7SG1;Depok;F796208;FTTH;2023-06-21 0:00:00;3286321;N;;;
HP5KRVIV;Tangerang;F041844;FTTH;2023-12-02 0:00:00;6725970;N;;;
HPADLHB3;Bekasi;F096134;FTTH;2023-07-26 0:00:00;5464823;N;;;
HPU1PA7Z;Jakarta Selatan;F985962;FTTH;2024-07-10 0:00:00;7141349;N;;;
HP6YUBF1;Jakarta Barat;F048343;FTTH;2024-08-13 0:00:00;5458451;N;;;
HPHX6I4A;Jakarta Timur;F637430;HFC;2023-08-25 0:00:00;7247191;N;;;
HP4OCW6T;Jakarta Utara;F797472;HFC;2023-03-05 0:00:00;7389685;N;;;
HPODU5BW;Jakarta Selatan;F708541;FTTH;2024-01-02 0:00:00;6070101;Y;101;2025-01-01;2025-06-30
HPMC4XDZ;Jakarta Barat;F737809;FTTH;2023-07-14 0:00:00;5974830;Y;101;2025-01-01;2025-06-30
HPM58DIJ;Jakarta Timur;F125728;FTTH;2024-08-11 0:00:00;7548715;Y;101;2025-01-01;2025-06-30
HPPX8AE6;Jakarta Utara;F926002;FTTH;2024-05-16 0:00:00;4310454;Y;101;2025-01-01;2025-06-30
HPYYNZGG;Jakarta Pusat;F951618;HFC;2024-10-24 0:00:00;5270468;Y;101;2025-01-01;2025-06-30
HPVQB9YO;Depok;F594671;FTTH;2023-09-10 0:00:00;6551431;N;;;
HPIA0MAB;Tangerang;F647218;FTTH;2023-03-05 0:00:00;5343215;N;;;
HPX8AO9I;Bekasi;F272507;FTTH;2024-09-17 0:00:00;4931275;N;;;
HPIYRRLA;Jakarta Selatan;F419512;FTTH;2023-12-27 0:00:00;4787798;N;;;
HPQTTARN;Jakarta Barat;F725225;FTTH;2023-05-15 0:00:00;5410483;N;;;
HP48II4B;Jakarta Timur;F889057;FTTH;2023-01-11 0:00:00;4957188;N;;;
HPMZXFP3;Jakarta Utara;F589033;FTTH;2023-09-04 0:00:00;6861691;N;;;
HPRMIVPI;Jakarta Pusat;F706904;FTTH;2023-06-01 0:00:00;6092092;N;;;
HP26NH8M;Depok;F796208;FTTH;2024-11-11 0:00:00;7899116;N;;;
HP2E6R4Y;Tangerang;F041844;FTTH;2023-01-24 0:00:00;6326200;N;;;
HPGYHLUN;Bekasi;F096134;FTTH;2024-03-16 0:00:00;4526008;N;;;
HPZFKQM0;Jakarta Selatan;F985962;FTTH;2024-01-09 0:00:00;7215007;N;;;
HPVQMZ5A;Jakarta Barat;F048343;FTTH;2023-07-18 0:00:00;4583138;N;;;
HPSFBS23;Jakarta Timur;F637430;FTTH;2024-09-03 0:00:00;3137085;N;;;
HPBR07BN;Jakarta Utara;F797472;FTTH;2024-12-06 0:00:00;5287181;N;;;
HP2IV262;Jakarta Selatan;F708541;FTTH;2024-05-04 0:00:00;7691045;Y;101;2025-01-01;2025-06-30
HP98NNPL;Jakarta Barat;F737809;FTTH;2023-02-23 0:00:00;3345828;Y;101;2025-01-01;2025-06-30
HP83T3DL;Jakarta Timur;F125728;FTTH;2023-07-03 0:00:00;5413678;Y;101;2025-01-01;2025-06-30
HPLYO1ZK;Jakarta Utara;F926002;HFC;2024-12-05 0:00:00;3944382;Y;101;2025-01-01;2025-06-30
HPO7VAQB;Jakarta Pusat;F951618;HFC;2024-03-07 0:00:00;5078738;Y;101;2025-01-01;2025-06-30
HP3JN8JT;Depok;F594671;HFC;2024-11-30 0:00:00;4177420;N;;;
HPK7LCMJ;Tangerang;F647218;FTTH;2024-12-05 0:00:00;6960750;N;;;
HPBOW6OU;Bekasi;F272507;FTTH;2024-10-17 0:00:00;5734523;N;;;
HPAAIQ1P;Jakarta Selatan;F419512;FTTH;2024-05-13 0:00:00;7290764;N;;;
HPNM5GMR;Jakarta Barat;F725225;HFC;2023-12-26 0:00:00;4083192;N;;;
HPEUH4Z0;Jakarta Timur;F889057;FTTH;2024-11-11 0:00:00;7961052;N;;;
HPKNRBE3;Jakarta Utara;F589033;FTTH;2024-04-12 0:00:00;5157373;N;;;
HP10N52P;Jakarta Pusat;F706904;FTTH;2024-03-27 0:00:00;6185167;N;;;
HPKNU3YZ;Depok;F796208;FTTH;2024-08-06 0:00:00;3078791;N;;;
HP3N6M03;Tangerang;F041844;HFC;2024-10-14 0:00:00;7321696;N;;;
HP4W6CW4;Bekasi;F096134;FTTH;2023-04-19 0:00:00;6133587;N;;;
HP9DZTZO;Jakarta Selatan;F985962;FTTH;2024-11-05 0:00:00;4969957;N;;;
HPKDT13C;Jakarta Barat;F048343;HFC;2023-01-09 0:00:00;7289117;N;;;
HPLB1JC7;Jakarta Timur;F637430;FTTH;2024-12-24 0:00:00;7919695;N;;;
HPCHHB5T;Jakarta Utara;F797472;HFC;2023-10-10 0:00:00;7873160;N;;;
HP5RA54Y;Jakarta Selatan;F708541;FTTH;2024-06-14 0:00:00;7737301;Y;101;2025-01-01;2025-06-30
HP44V1N8;Jakarta Barat;F737809;FTTH;2023-11-27 0:00:00;5845425;Y;101;2025-01-01;2025-06-30
HPP2RDOM;Jakarta Timur;F125728;FTTH;2024-01-29 0:00:00;7464908;Y;101;2025-01-01;2025-06-30
HP7ZDXGJ;Jakarta Utara;F926002;FTTH;2024-02-27 0:00:00;7629977;Y;101;2025-01-01;2025-06-30
HPYEGH8I;Jakarta Pusat;F951618;HFC;2024-11-04 0:00:00;4812276;Y;101;2025-01-01;2025-06-30
HPAQVUMK;Depok;F594671;FTTH;2024-05-22 0:00:00;4892567;N;;;
HPCDPU5A;Tangerang;F647218;HFC;2023-11-13 0:00:00;3178720;N;;;
HPLCPJHC;Bekasi;F272507;FTTH;2023-02-03 0:00:00;5501303;N;;;
HPM8XS65;Jakarta Selatan;F419512;FTTH;2023-02-07 0:00:00;6884043;N;;;
HPTZQPRS;Jakarta Barat;F725225;FTTH;2024-01-02 0:00:00;7910058;N;;;
HPW4RILZ;Jakarta Timur;F889057;FTTH;2024-07-15 0:00:00;4456081;N;;;
HPOOA3RM;Jakarta Utara;F589033;FTTH;2024-08-08 0:00:00;5713187;N;;;
HP4HPI60;Jakarta Pusat;F706904;HFC;2024-03-06 0:00:00;6873721;N;;;
HPNE3VZU;Depok;F796208;HFC;2024-12-11 0:00:00;7300808;N;;;
HP1S8YS8;Tangerang;F041844;HFC;2024-08-17 0:00:00;5333623;N;;;
HP0EW4L1;Bekasi;F096134;FTTH;2023-12-08 0:00:00;7107791;N;;;
HPDZIDOG;Jakarta Selatan;F985962;FTTH;2024-11-24 0:00:00;6337565;N;;;
HPQQ70VG;Jakarta Barat;F048343;FTTH;2024-06-24 0:00:00;4681802;N;;;
HPRM1SLQ;Jakarta Timur;F637430;FTTH;2024-01-29 0:00:00;4073039;N;;;
HPR8HO4T;Jakarta Utara;F797472;FTTH;2023-06-07 0:00:00;6153699;N;;;
HP6CPKMF;Jakarta Selatan;F708541;HFC;2024-01-14 0:00:00;3528809;Y;101;2025-01-01;2025-06-30
HPD0SJQH;Jakarta Barat;F737809;HFC;2024-09-02 0:00:00;5106611;Y;101;2025-01-01;2025-06-30
HPDZFN7M;Jakarta Timur;F125728;FTTH;2024-11-23 0:00:00;5915475;Y;101;2025-01-01;2025-06-30
HP6HIL90;Jakarta Utara;F926002;HFC;2023-12-18 0:00:00;3019835;Y;101;2025-01-01;2025-06-30
HPVRPCBC;Jakarta Pusat;F951618;FTTH;2023-05-16 0:00:00;3083410;Y;101;2025-01-01;2025-06-30
HPAKYUHC;Depok;F594671;FTTH;2023-10-01 0:00:00;6722643;N;;;
HP5JT98B;Tangerang;F647218;HFC;2023-02-22 0:00:00;6592608;N;;;
HPN76DFX;Bekasi;F272507;FTTH;2024-09-17 0:00:00;6855044;N;;;
HPUKHTMI;Jakarta Selatan;F419512;FTTH;2023-04-13 0:00:00;4440691;N;;;
HPCR93FN;Jakarta Barat;F725225;FTTH;2023-04-27 0:00:00;5784561;N;;;
HPQV19SX;Jakarta Timur;F889057;FTTH;2023-06-13 0:00:00;5043430;N;;;
HP9OEFG2;Jakarta Utara;F589033;FTTH;2024-12-04 0:00:00;5973353;N;;;
HPMP0ULW;Jakarta Pusat;F706904;FTTH;2023-03-08 0:00:00;7035299;N;;;
HPAJJQD6;Depok;F796208;FTTH;2023-09-29 0:00:00;6066451;N;;;
HPKH6WK0;Tangerang;F041844;FTTH;2023-12-03 0:00:00;3281109;N;;;
HPW37WSX;Bekasi;F096134;FTTH;2023-04-29 0:00:00;5755037;N;;;
HP6N8CLZ;Jakarta Selatan;F985962;HFC;2024-01-11 0:00:00;7361295;N;;;
HPUAMRNQ;Jakarta Barat;F048343;FTTH;2024-01-10 0:00:00;5031989;N;;;
HPRAC1CQ;Jakarta Timur;F637430;FTTH;2023-12-29 0:00:00;7832887;N;;;
HP9DXCV4;Jakarta Utara;F797472;HFC;2024-04-06 0:00:00;6954550;N;;;
HPCGAGSE;Jakarta Selatan;F708541;FTTH;2024-05-13 0:00:00;3845172;Y;101;2025-01-01;2025-06-30
HPVWGFMP;Jakarta Barat;F737809;FTTH;2024-09-02 0:00:00;5786999;Y;101;2025-01-01;2025-06-30
HPTBUJPF;Jakarta Timur;F125728;FTTH;2024-10-20 0:00:00;6326464;Y;101;2025-01-01;2025-06-30
HPGC7DN9;Jakarta Utara;F926002;FTTH;2023-11-20 0:00:00;4398297;Y;101;2025-01-01;2025-06-30
HPTANV8S;Jakarta Pusat;F951618;FTTH;2023-03-12 0:00:00;4700010;Y;101;2025-01-01;2025-06-30
HP7CZTPW;Depok;F594671;FTTH;2024-11-04 0:00:00;3910494;N;;;
HPCIEI54;Tangerang;F647218;FTTH;2023-12-23 0:00:00;3272982;N;;;
HP6F3O55;Bekasi;F272507;HFC;2023-06-17 0:00:00;3627590;N;;;
HPMK8D1D;Jakarta Selatan;F419512;FTTH;2024-08-12 0:00:00;5149382;N;;;
HPUH51CG;Jakarta Barat;F725225;FTTH;2023-06-28 0:00:00;5687258;N;;;
HP4R7NT6;Jakarta Timur;F889057;FTTH;2023-05-08 0:00:00;4677346;N;;;
HPKG0L57;Jakarta Utara;F589033;HFC;2024-02-17 0:00:00;6182490;N;;;
HPVNRFQY;Jakarta Pusat;F706904;FTTH;2024-07-05 0:00:00;6723439;N;;;
HPSFWRIW;Depok;F796208;FTTH;2024-03-31 0:00:00;4277056;N;;;
HPMNECZ6;Tangerang;F041844;FTTH;2023-06-08 0:00:00;5106659;N;;;
HPLWLAS0;Bekasi;F096134;HFC;2024-02-16 0:00:00;7283375;N;;;
HPAL29YT;Jakarta Selatan;F985962;FTTH;2023-07-13 0:00:00;7916301;N;;;
HPDIG3H6;Jakarta Barat;F048343;HFC;2024-01-23 0:00:00;4517764;N;;;
HPL0GDAE;Jakarta Timur;F637430;FTTH;2024-10-07 0:00:00;6131205;N;;;
HPLQ2GPU;Jakarta Utara;F797472;HFC;2023-07-15 0:00:00;4002473;N;;;
HPNLWTJE;Jakarta Selatan;F708541;FTTH;2024-10-09 0:00:00;5406135;Y;101;2025-01-01;2025-06-30
HPXYXWU5;Jakarta Barat;F737809;FTTH;2023-10-05 0:00:00;3385223;Y;101;2025-01-01;2025-06-30
HP6Q225W;Jakarta Timur;F125728;FTTH;2023-04-27 0:00:00;6698122;Y;101;2025-01-01;2025-06-30
HP1FRKSN;Jakarta Utara;F926002;FTTH;2023-08-16 0:00:00;6176495;Y;101;2025-01-01;2025-06-30
HPE44RND;Jakarta Pusat;F951618;FTTH;2023-10-06 0:00:00;4760371;Y;101;2025-01-01;2025-06-30
HPSFT030;Depok;F594671;FTTH;2023-11-30 0:00:00;4874806;N;;;
HPEVFNTX;Tangerang;F647218;FTTH;2024-07-06 0:00:00;3606282;N;;;
HPHGZ292;Bekasi;F272507;FTTH;2023-04-14 0:00:00;4169736;N;;;
HPWNUO6K;Jakarta Selatan;F419512;FTTH;2024-02-18 0:00:00;5317194;N;;;
HPS9V2II;Jakarta Barat;F725225;FTTH;2023-12-10 0:00:00;4325430;N;;;
HPL1AJAX;Jakarta Timur;F889057;FTTH;2024-10-18 0:00:00;4105431;N;;;
HP2WNJI0;Jakarta Utara;F589033;FTTH;2023-04-06 0:00:00;5570698;N;;;
HPUQLSNH;Jakarta Pusat;F706904;HFC;2023-04-22 0:00:00;3723691;N;;;
HP7T17VQ;Depok;F796208;FTTH;2023-03-29 0:00:00;4047166;N;;;
HPG8FKLJ;Tangerang;F041844;FTTH;2023-10-28 0:00:00;5730215;N;;;
HP6XJ10L;Bekasi;F096134;FTTH;2023-06-20 0:00:00;3393237;N;;;
HPE08MLB;Jakarta Selatan;F985962;FTTH;2023-04-05 0:00:00;7859173;N;;;
HP142WW6;Jakarta Barat;F048343;FTTH;2023-04-02 0:00:00;3507198;N;;;
HPAVTUIM;Jakarta Timur;F637430;FTTH;2024-07-10 0:00:00;3774456;N;;;
HPIJF1C2;Jakarta Utara;F797472;HFC;2023-06-06 0:00:00;4923594;N;;;
HP7X0PV0;Jakarta Selatan;F708541;HFC;2024-07-29 0:00:00;7493651;Y;101;2025-01-01;2025-06-30
HPX9CJCZ;Jakarta Barat;F737809;HFC;2024-04-09 0:00:00;6227693;Y;101;2025-01-01;2025-06-30
HPVYMRUC;Jakarta Timur;F125728;FTTH;2023-01-02 0:00:00;5026157;Y;101;2025-01-01;2025-06-30
HPCIZ22S;Jakarta Utara;F926002;HFC;2023-06-28 0:00:00;7212684;Y;101;2025-01-01;2025-06-30
HP7X1UZF;Jakarta Pusat;F951618;FTTH;2023-12-15 0:00:00;6796373;Y;101;2025-01-01;2025-06-30
HP5ZNW3H;Depok;F594671;FTTH;2023-07-13 0:00:00;7962718;N;;;
HPSLY4F1;Tangerang;F647218;HFC;2023-08-15 0:00:00;7889652;N;;;
HPWG8VCP;Bekasi;F272507;FTTH;2023-06-14 0:00:00;4225614;N;;;
HP7GSS28;Jakarta Selatan;F419512;HFC;2023-07-31 0:00:00;7639306;N;;;
HPCLPLL8;Jakarta Barat;F725225;FTTH;2023-01-30 0:00:00;7042548;N;;;
HP5J3L16;Jakarta Timur;F889057;FTTH;2023-05-02 0:00:00;7323089;N;;;
HPSW3BMC;Jakarta Utara;F589033;FTTH;2024-08-26 0:00:00;3072775;N;;;
HPO6TNEH;Jakarta Pusat;F706904;HFC;2024-12-20 0:00:00;3870787;N;;;
HP4F7XL3;Depok;F796208;FTTH;2023-07-31 0:00:00;6617772;N;;;
HPCCGASU;Tangerang;F041844;FTTH;2023-05-17 0:00:00;4902517;N;;;
HPQKN4G3;Bekasi;F096134;HFC;2024-08-26 0:00:00;6422876;N;;;
HPV1BIO3;Jakarta Selatan;F985962;HFC;2023-01-09 0:00:00;4344175;N;;;
HPFV9EWQ;Jakarta Barat;F048343;FTTH;2023-01-08 0:00:00;3947683;N;;;
HPOWIAOL;Jakarta Timur;F637430;FTTH;2024-10-04 0:00:00;7596876;N;;;
HPL7TX1S;Jakarta Utara;F797472;FTTH;2023-01-14 0:00:00;3062521;N;;;
HP64YBPJ;Jakarta Selatan;F708541;HFC;2024-05-29 0:00:00;6702391;Y;101;2025-01-01;2025-06-30
HPL2RDE5;Jakarta Barat;F737809;FTTH;2024-12-31 0:00:00;7044222;Y;101;2025-01-01;2025-06-30
HPR9DBQ5;Jakarta Timur;F125728;FTTH;2024-02-23 0:00:00;7394685;Y;101;2025-01-01;2025-06-30
HPP8JQJB;Jakarta Utara;F926002;FTTH;2024-06-10 0:00:00;5213343;Y;101;2025-01-01;2025-06-30
HPIPCDN4;Jakarta Pusat;F951618;HFC;2023-08-10 0:00:00;6296590;Y;101;2025-01-01;2025-06-30
HP54FZUH;Depok;F594671;FTTH;2024-05-07 0:00:00;7808292;N;;;
HP9FP0Q9;Tangerang;F647218;FTTH;2024-03-11 0:00:00;4714166;N;;;
HPY216VE;Bekasi;F272507;FTTH;2024-12-22 0:00:00;7935398;N;;;
HPZ58SMS;Jakarta Selatan;F419512;HFC;2023-10-29 0:00:00;7322672;N;;;
HPLQRZDC;Jakarta Barat;F725225;HFC;2024-11-24 0:00:00;5692931;N;;;
HPX231TY;Jakarta Timur;F889057;FTTH;2024-08-07 0:00:00;6057836;N;;;
HPO8939Z;Jakarta Utara;F589033;FTTH;2023-02-08 0:00:00;3240897;N;;;
HP3VIT0D;Jakarta Pusat;F706904;HFC;2024-10-10 0:00:00;4851617;N;;;
HPNGA65R;Depok;F796208;FTTH;2023-10-30 0:00:00;6637784;N;;;
HP2ORHK3;Tangerang;F041844;FTTH;2024-07-19 0:00:00;4039334;N;;;
HPECDNSS;Bekasi;F096134;FTTH;2024-05-06 0:00:00;4612143;N;;;
HPZAB2WC;Jakarta Selatan;F985962;FTTH;2024-07-30 0:00:00;6742744;N;;;
HPTV517P;Jakarta Barat;F048343;FTTH;2023-09-01 0:00:00;4030471;N;;;
HPX6A5PM;Jakarta Timur;F637430;FTTH;2023-10-27 0:00:00;7505299;N;;;
HPKGXCNW;Jakarta Utara;F797472;FTTH;2023-07-12 0:00:00;7143118;N;;;
HP313W7N;Jakarta Selatan;F708541;FTTH;2023-06-22 0:00:00;4197029;Y;101;2025-01-01;2025-06-30
HPXHGC2W;Jakarta Barat;F737809;FTTH;2024-08-09 0:00:00;5077070;Y;101;2025-01-01;2025-06-30
HPDZRCOA;Jakarta Timur;F125728;HFC;2024-07-07 0:00:00;3657273;Y;101;2025-01-01;2025-06-30
HP5SC7V3;Jakarta Utara;F926002;HFC;2024-10-07 0:00:00;7936912;Y;101;2025-01-01;2025-06-30
HP5F59C3;Jakarta Pusat;F951618;HFC;2024-04-01 0:00:00;7902254;Y;101;2025-01-01;2025-06-30
HP2OLSLU;Depok;F594671;HFC;2023-12-11 0:00:00;5940313;N;;;
HPB6HLTR;Tangerang;F647218;FTTH;2023-01-23 0:00:00;4831829;N;;;
HP3LPHY9;Bekasi;F272507;HFC;2024-12-27 0:00:00;7845622;N;;;
HPGYN7B8;Jakarta Selatan;F419512;FTTH;2024-05-16 0:00:00;7234883;N;;;
HP6FQ2RM;Jakarta Barat;F725225;FTTH;2023-04-25 0:00:00;6525170;N;;;
HP3MNC44;Jakarta Timur;F889057;HFC;2023-09-05 0:00:00;3804916;N;;;
HP5FC2Q2;Jakarta Utara;F589033;FTTH;2023-09-12 0:00:00;3117912;N;;;
HPCGPK1J;Jakarta Pusat;F706904;FTTH;2024-05-05 0:00:00;4567580;N;;;
HPF0ED1N;Depok;F796208;FTTH;2023-09-03 0:00:00;7293538;N;;;
HP58GZ0Z;Tangerang;F041844;FTTH;2023-01-16 0:00:00;7423429;N;;;
HPJMRDS1;Bekasi;F096134;FTTH;2024-09-21 0:00:00;4712537;N;;;
HP6GDXCD;Jakarta Selatan;F985962;HFC;2023-05-04 0:00:00;4560972;N;;;
HPW8FAMN;Jakarta Barat;F048343;FTTH;2024-08-18 0:00:00;6211520;N;;;
HPJ0U6M7;Jakarta Timur;F637430;FTTH;2023-10-27 0:00:00;7502781;N;;;
HP15N9M8;Jakarta Utara;F797472;FTTH;2024-09-27 0:00:00;7663817;N;;;
HP3RG8V7;Jakarta Selatan;F708541;HFC;2024-10-16 0:00:00;3205895;Y;101;2025-01-01;2025-06-30
HP46MKX5;Jakarta Barat;F737809;FTTH;2024-05-19 0:00:00;7663160;Y;101;2025-01-01;2025-06-30
HPTC57SL;Jakarta Timur;F125728;FTTH;2023-05-28 0:00:00;4845551;Y;101;2025-01-01;2025-06-30
HPC5YPS7;Jakarta Utara;F926002;HFC;2024-01-16 0:00:00;6733906;Y;101;2025-01-01;2025-06-30
HPJO1GOJ;Jakarta Pusat;F951618;FTTH;2024-10-02 0:00:00;3085271;Y;101;2025-01-01;2025-06-30
HPEXR5SZ;Depok;F594671;HFC;2024-12-26 0:00:00;5955687;N;;;
HPUCD2SO;Tangerang;F647218;FTTH;2023-07-16 0:00:00;4932895;N;;;
HPDDUJOP;Bekasi;F272507;FTTH;2024-03-20 0:00:00;7502626;N;;;
HPRUTTF1;Jakarta Selatan;F419512;HFC;2024-01-27 0:00:00;6721062;N;;;
HPC323PG;Jakarta Barat;F725225;FTTH;2023-11-04 0:00:00;3965556;N;;;
HP5Z8D7O;Jakarta Timur;F889057;FTTH;2023-06-13 0:00:00;7523904;N;;;
HP9PLLYH;Jakarta Utara;F589033;HFC;2023-12-12 0:00:00;5157592;N;;;
HPQT2QOD;Jakarta Pusat;F706904;HFC;2024-02-25 0:00:00;3454932;N;;;
HPQ18FOD;Depok;F796208;FTTH;2024-10-28 0:00:00;3728316;N;;;
HP9LRUW6;Tangerang;F041844;FTTH;2024-06-30 0:00:00;7959301;N;;;
HPL8VRDY;Bekasi;F096134;FTTH;2023-07-23 0:00:00;6507042;N;;;
HP2HOXYF;Jakarta Selatan;F985962;FTTH;2024-12-17 0:00:00;3781798;N;;;
HP25DBGB;Jakarta Barat;F048343;HFC;2024-10-11 0:00:00;6192390;N;;;
HPJIYRKV;Jakarta Timur;F637430;HFC;2024-09-20 0:00:00;5631490;N;;;
HPT0UYXA;Jakarta Utara;F797472;FTTH;2024-06-18 0:00:00;7859937;N;;;
HPY1NR2D;Jakarta Selatan;F708541;FTTH;2023-01-07 0:00:00;4668004;Y;101;2025-01-01;2025-06-30
HP4OXUU9;Jakarta Barat;F737809;HFC;2024-03-02 0:00:00;5795980;Y;101;2025-01-01;2025-06-30
HPXNUFEF;Jakarta Timur;F125728;FTTH;2024-04-21 0:00:00;5528105;Y;101;2025-01-01;2025-06-30
HPEBWOFA;Jakarta Utara;F926002;FTTH;2023-04-18 0:00:00;4661953;Y;101;2025-01-01;2025-06-30
HP1GOGCQ;Jakarta Pusat;F951618;HFC;2024-07-15 0:00:00;6292047;Y;101;2025-01-01;2025-06-30
HPB0SMRU;Depok;F594671;FTTH;2024-01-04 0:00:00;3842231;N;;;
HPIXP1AN;Tangerang;F647218;FTTH;2023-04-05 0:00:00;5826625;N;;;
HPDR7SJI;Bekasi;F272507;FTTH;2023-08-25 0:00:00;7825535;N;;;
HP1XFF6J;Jakarta Selatan;F419512;FTTH;2023-02-26 0:00:00;4978506;N;;;
HPMR8J2Q;Jakarta Barat;F725225;FTTH;2023-01-27 0:00:00;5780716;N;;;
HPVRQM8Y;Jakarta Timur;F889057;FTTH;2024-01-31 0:00:00;4803473;N;;;
HP141W00;Jakarta Utara;F589033;FTTH;2024-02-24 0:00:00;7035676;N;;;
HPTK0JHV;Jakarta Pusat;F706904;HFC;2023-03-26 0:00:00;7196680;N;;;
HPD9FVQI;Depok;F796208;HFC;2023-06-09 0:00:00;4221404;N;;;
HPSDJGC0;Tangerang;F041844;FTTH;2023-03-17 0:00:00;3803822;N;;;
HPWGXWLU;Bekasi;F096134;FTTH;2024-05-25 0:00:00;5368336;N;;;
HPWPY97F;Jakarta Selatan;F985962;FTTH;2023-01-07 0:00:00;4182807;N;;;
HP21OEW5;Jakarta Barat;F048343;FTTH;2023-10-09 0:00:00;6934715;N;;;
HPZ53KE4;Jakarta Timur;F637430;FTTH;2024-10-12 0:00:00;4062873;N;;;
HP1EGK84;Jakarta Utara;F797472;FTTH;2023-10-24 0:00:00;3266625;N;;;
HPWOVBO1;Jakarta Selatan;F708541;FTTH;2024-05-08 0:00:00;5682848;Y;101;2025-01-01;2025-06-30
HPV9U26S;Jakarta Barat;F737809;FTTH;2024-08-20 0:00:00;7601143;Y;101;2025-01-01;2025-06-30
HP2CWY27;Jakarta Timur;F125728;HFC;2023-04-15 0:00:00;3464059;Y;101;2025-01-01;2025-06-30
HPMQ2B1J;Jakarta Utara;F926002;FTTH;2024-04-09 0:00:00;5505029;Y;101;2025-01-01;2025-06-30
HPPGBI4E;Jakarta Pusat;F951618;FTTH;2023-03-30 0:00:00;7162486;Y;101;2025-01-01;2025-06-30
HPQA5CYA;Depok;F594671;HFC;2023-03-07 0:00:00;5016807;N;;;
HPFM6MO4;Tangerang;F647218;HFC;2023-12-17 0:00:00;4100894;N;;;
HPZ5MHH8;Bekasi;F272507;FTTH;2024-02-01 0:00:00;6063618;N;;;
HPKIUWQU;Jakarta Selatan;F419512;FTTH;2023-10-06 0:00:00;6140594;N;;;
HPWRXDNX;Jakarta Barat;F725225;FTTH;2023-08-06 0:00:00;4048620;N;;;
HPAM0EY7;Jakarta Timur;F889057;FTTH;2023-10-12 0:00:00;4435838;N;;;
HPARRUZ0;Jakarta Utara;F589033;FTTH;2024-04-08 0:00:00;4657615;N;;;
HPP5KLDZ;Jakarta Pusat;F706904;FTTH;2023-08-10 0:00:00;5093808;N;;;
HPUOEYBQ;Depok;F796208;FTTH;2024-04-22 0:00:00;4780748;N;;;
HPUZH1KU;Tangerang;F041844;FTTH;2023-08-24 0:00:00;7519917;N;;;
HPEPSG0R;Bekasi;F096134;FTTH;2024-01-16 0:00:00;6343775;N;;;
HPCNYLTX;Jakarta Selatan;F985962;FTTH;2024-11-15 0:00:00;5102974;N;;;
HPKQN9XS;Jakarta Barat;F048343;FTTH;2024-03-12 0:00:00;4899235;N;;;
HP5I49M8;Jakarta Timur;F637430;FTTH;2024-11-29 0:00:00;4939144;N;;;
HPUGRQA4;Jakarta Utara;F797472;FTTH;2024-06-15 0:00:00;6459471;N;;;
HPGJD9TK;Jakarta Selatan;F708541;FTTH;2024-10-28 0:00:00;7618645;Y;101;2025-01-01;2025-06-30
HP38SOO5;Jakarta Barat;F737809;FTTH;2024-07-04 0:00:00;4038395;Y;101;2025-01-01;2025-06-30
HPL129ID;Jakarta Timur;F125728;FTTH;2023-08-02 0:00:00;3938080;Y;101;2025-01-01;2025-06-30
HPSK9YJQ;Jakarta Utara;F926002;FTTH;2024-11-14 0:00:00;6535349;Y;101;2025-01-01;2025-06-30
HP0CMSQB;Jakarta Pusat;F951618;FTTH;2023-01-21 0:00:00;5009551;Y;101;2025-01-01;2025-06-30
HP72Q4J1;Depok;F594671;FTTH;2023-12-06 0:00:00;6280821;N;;;
HPJ6SA03;Tangerang;F647218;HFC;2024-03-06 0:00:00;4883630;N;;;
HPXLV4XA;Bekasi;F272507;HFC;2023-07-11 0:00:00;4831547;N;;;
HP1B797J;Jakarta Selatan;F419512;HFC;2023-09-21 0:00:00;5356074;N;;;
HPX9TLAH;Jakarta Barat;F725225;FTTH;2024-06-07 0:00:00;3937679;N;;;
HPCJ96KO;Jakarta Timur;F889057;FTTH;2023-08-26 0:00:00;7366673;N;;;
HP0UT9C4;Jakarta Utara;F589033;FTTH;2023-08-28 0:00:00;6297250;N;;;
HPTQBFXT;Jakarta Pusat;F706904;FTTH;2024-11-04 0:00:00;7400024;N;;;
HP3MMFB3;Depok;F796208;HFC;2024-02-23 0:00:00;5729394;N;;;
HP2NCWTI;Tangerang;F041844;FTTH;2023-01-31 0:00:00;4955856;N;;;
HPU1B3JF;Bekasi;F096134;FTTH;2024-04-07 0:00:00;6830605;N;;;
HPSF6IRT;Jakarta Selatan;F985962;HFC;2024-02-29 0:00:00;6228360;N;;;
HPM5D4K3;Jakarta Barat;F048343;FTTH;2023-11-12 0:00:00;7778699;N;;;
HPUEM5O0;Jakarta Timur;F637430;HFC;2024-10-26 0:00:00;3159271;N;;;
HPDKPAWL;Jakarta Utara;F797472;HFC;2024-02-21 0:00:00;3104130;N;;;
HPVIX13K;Jakarta Selatan;F708541;FTTH;2023-01-26 0:00:00;4596196;Y;101;2025-01-01;2025-06-30
HPD5689R;Jakarta Barat;F737809;FTTH;2024-07-22 0:00:00;6868440;Y;101;2025-01-01;2025-06-30
HPI5JI3D;Jakarta Timur;F125728;FTTH;2023-08-19 0:00:00;7024895;Y;101;2025-01-01;2025-06-30
HPR1CHLU;Jakarta Utara;F926002;FTTH;2023-07-30 0:00:00;5827623;Y;101;2025-01-01;2025-06-30
HPHU3U85;Jakarta Pusat;F951618;FTTH;2023-09-26 0:00:00;5060446;Y;101;2025-01-01;2025-06-30
HPV67VCF;Depok;F594671;FTTH;2024-08-27 0:00:00;6299796;N;;;
HPT209QT;Tangerang;F647218;HFC;2024-09-07 0:00:00;6214517;N;;;
HPE5AVUB;Bekasi;F272507;FTTH;2024-05-03 0:00:00;4240966;N;;;
HPQYQBGX;Jakarta Selatan;F419512;HFC;2024-08-13 0:00:00;7671471;N;;;
HP2P4RJ3;Jakarta Barat;F725225;FTTH;2023-12-25 0:00:00;3308617;N;;;
HPJ227YZ;Jakarta Timur;F889057;HFC;2023-09-06 0:00:00;3515598;N;;;
HPF34J80;Jakarta Utara;F589033;FTTH;2024-01-23 0:00:00;3623016;N;;;
HP8QI9VD;Jakarta Pusat;F706904;FTTH;2023-05-29 0:00:00;4464409;N;;;
HP39G6TG;Depok;F796208;HFC;2023-01-06 0:00:00;6779307;N;;;
HP28WP4P;Tangerang;F041844;HFC;2023-10-03 0:00:00;3023418;N;;;
HPH1WT0F;Bekasi;F096134;FTTH;2024-02-05 0:00:00;5964747;N;;;
HPPGUIYQ;Jakarta Selatan;F985962;FTTH;2024-04-10 0:00:00;7129330;N;;;
HPKLTK6G;Jakarta Barat;F048343;FTTH;2023-10-11 0:00:00;5783426;N;;;
HPO53JFZ;Jakarta Timur;F637430;HFC;2023-10-21 0:00:00;5877992;N;;;
HP8DPQY5;Jakarta Utara;F797472;FTTH;2024-07-29 0:00:00;6740141;N;;;
HP71D4J6;Jakarta Selatan;F708541;HFC;2024-08-16 0:00:00;5625512;Y;101;2025-01-01;2025-06-30
HP4GCHTU;Jakarta Barat;F737809;HFC;2024-02-16 0:00:00;6341341;Y;101;2025-01-01;2025-06-30
HPA6HC4R;Jakarta Timur;F125728;HFC;2024-02-22 0:00:00;4307765;Y;101;2025-01-01;2025-06-30
HPGIX7R5;Jakarta Utara;F926002;HFC;2024-05-01 0:00:00;4585629;Y;101;2025-01-01;2025-06-30
HPU1WHEO;Jakarta Pusat;F951618;FTTH;2023-11-09 0:00:00;5645823;Y;101;2025-01-01;2025-06-30
HP5X7A5X;Depok;F594671;FTTH;2024-12-10 0:00:00;5758108;N;;;
HPUVFTWR;Tangerang;F647218;FTTH;2023-05-24 0:00:00;7551801;N;;;
HPFTYNZA;Bekasi;F272507;HFC;2023-12-06 0:00:00;7417787;N;;;
HP02KMIU;Jakarta Selatan;F419512;FTTH;2024-11-20 0:00:00;5144800;N;;;
HPMOQQ30;Jakarta Barat;F725225;HFC;2024-05-25 0:00:00;3724949;N;;;
HPYB3PPK;Jakarta Timur;F889057;FTTH;2023-02-26 0:00:00;7588364;N;;;
HPB9DQF5;Jakarta Utara;F589033;FTTH;2023-10-27 0:00:00;5041183;N;;;
HPDKVPGQ;Jakarta Pusat;F706904;FTTH;2023-04-21 0:00:00;5934630;N;;;
HPKZONVP;Depok;F796208;FTTH;2023-02-28 0:00:00;5273428;N;;;
HPYZLSW1;Tangerang;F041844;HFC;2023-01-11 0:00:00;6819438;N;;;
HPF594DL;Bekasi;F096134;FTTH;2024-08-11 0:00:00;6507561;N;;;
HPPGPW94;Jakarta Selatan;F985962;HFC;2024-09-15 0:00:00;5965394;N;;;
HP3TDJ33;Jakarta Barat;F048343;FTTH;2023-08-19 0:00:00;7237388;N;;;
HP50UJ94;Jakarta Timur;F637430;HFC;2023-10-16 0:00:00;5734424;N;;;
HPZPLMOH;Jakarta Utara;F797472;FTTH;2023-01-11 0:00:00;7991890;N;;;
HPQJDG4C;Jakarta Selatan;F708541;FTTH;2024-02-09 0:00:00;6448977;Y;101;2025-01-01;2025-06-30
HP3AIJXK;Jakarta Barat;F737809;HFC;2024-11-13 0:00:00;7360807;Y;101;2025-01-01;2025-06-30
HPONOG4B;Jakarta Timur;F125728;HFC;2023-01-01 0:00:00;5568033;Y;101;2025-01-01;2025-06-30
HPCS61Y8;Jakarta Utara;F926002;HFC;2023-02-09 0:00:00;3568905;Y;101;2025-01-01;2025-06-30
HPCUTRXI;Jakarta Pusat;F951618;FTTH;2024-01-24 0:00:00;7863806;Y;101;2025-01-01;2025-06-30
HPW3R8M9;Depok;F594671;HFC;2023-10-26 0:00:00;7255090;N;;;
HPRX77SA;Tangerang;F647218;FTTH;2023-07-19 0:00:00;3579293;N;;;
HPC1QJRR;Bekasi;F272507;FTTH;2024-04-20 0:00:00;7369256;N;;;
HPCNG2PG;Jakarta Selatan;F419512;FTTH;2024-12-18 0:00:00;3114289;N;;;
HPQNG2YN;Jakarta Barat;F725225;HFC;2023-11-17 0:00:00;6466297;N;;;
HPSYT8MT;Jakarta Timur;F889057;FTTH;2024-10-13 0:00:00;7558911;N;;;
HPTFAAUW;Jakarta Utara;F589033;FTTH;2023-07-24 0:00:00;5144144;N;;;
HPCUF6GA;Jakarta Pusat;F706904;FTTH;2023-10-16 0:00:00;3694441;N;;;
HP88YYS3;Depok;F796208;FTTH;2023-06-19 0:00:00;3090067;N;;;
HP0OOKLO;Tangerang;F041844;FTTH;2024-06-08 0:00:00;7704168;N;;;
HP4F3Z05;Bekasi;F096134;HFC;2024-02-15 0:00:00;7843981;N;;;
HP5VYGTD;Jakarta Selatan;F985962;FTTH;2024-04-04 0:00:00;5048970;N;;;
HP8JK1MK;Jakarta Barat;F048343;FTTH;2023-06-10 0:00:00;6659076;N;;;
HPV0R9FP;Jakarta Timur;F637430;FTTH;2023-02-28 0:00:00;7322044;N;;;
HPFM2IVR;Jakarta Utara;F797472;FTTH;2023-10-14 0:00:00;6678905;N;;;
HPMK6MLF;Jakarta Selatan;F708541;FTTH;2023-03-05 0:00:00;7788824;Y;101;2025-01-01;2025-06-30
HPJ116U7;Jakarta Barat;F737809;HFC;2024-12-25 0:00:00;6430648;Y;101;2025-01-01;2025-06-30
HPATTX47;Jakarta Timur;F125728;FTTH;2023-09-05 0:00:00;3969620;Y;101;2025-01-01;2025-06-30
HPSJZ9JM;Jakarta Utara;F926002;FTTH;2024-03-06 0:00:00;7665196;Y;101;2025-01-01;2025-06-30
HPIC5ACQ;Jakarta Pusat;F951618;HFC;2023-02-09 0:00:00;5096406;Y;101;2025-01-01;2025-06-30
HPPWWSQX;Depok;F594671;FTTH;2024-12-10 0:00:00;7658582;N;;;
HP3BRIR8;Tangerang;F647218;FTTH;2023-04-04 0:00:00;3081769;N;;;
HP4NTYMT;Bekasi;F272507;FTTH;2024-07-18 0:00:00;7303204;N;;;
HPBNGVQL;Jakarta Selatan;F419512;FTTH;2024-08-25 0:00:00;5443357;N;;;
HPL2OXAN;Jakarta Barat;F725225;FTTH;2024-06-22 0:00:00;3582000;N;;;
HP29UR7L;Jakarta Timur;F889057;FTTH;2024-07-19 0:00:00;4079918;N;;;
HPW0BQE6;Jakarta Utara;F589033;FTTH;2024-12-17 0:00:00;7464070;N;;;
HPSBQSCC;Jakarta Pusat;F706904;FTTH;2023-05-20 0:00:00;5095707;N;;;
HPHA7EJQ;Depok;F796208;HFC;2023-08-17 0:00:00;4923761;N;;;
HP9P6JDH;Tangerang;F041844;HFC;2023-09-18 0:00:00;5779819;N;;;
HPUEH8DI;Bekasi;F096134;HFC;2023-01-01 0:00:00;4876276;N;;;
HPLX7OIE;Jakarta Selatan;F985962;HFC;2023-10-15 0:00:00;5632981;N;;;
HP45CAO2;Jakarta Barat;F048343;FTTH;2023-12-05 0:00:00;7370111;N;;;
HPZTD1S8;Jakarta Timur;F637430;HFC;2023-07-10 0:00:00;5487510;N;;;
HPC88X4A;Jakarta Utara;F797472;FTTH;2023-07-06 0:00:00;6938723;N;;;
HPWXB5XQ;Jakarta Selatan;F708541;FTTH;2023-12-28 0:00:00;7877699;Y;101;2025-01-01;2025-06-30
HP6XWDJY;Jakarta Barat;F737809;FTTH;2024-06-17 0:00:00;6499660;Y;101;2025-01-01;2025-06-30
HPAZP0GZ;Jakarta Timur;F125728;FTTH;2024-03-09 0:00:00;6152511;Y;101;2025-01-01;2025-06-30
HPA7UI3O;Jakarta Utara;F926002;FTTH;2024-03-11 0:00:00;3640160;Y;101;2025-01-01;2025-06-30
HPOZW8RR;Jakarta Pusat;F951618;FTTH;2024-06-23 0:00:00;4689831;Y;101;2025-01-01;2025-06-30
HP88V8VE;Depok;F594671;FTTH;2024-12-14 0:00:00;3594019;N;;;
HPRDD1RS;Tangerang;F647218;HFC;2023-01-22 0:00:00;4754907;N;;;
HPDURRYA;Bekasi;F272507;HFC;2024-09-24 0:00:00;5281031;N;;;
HPX9O3Z6;Jakarta Selatan;F419512;FTTH;2023-10-26 0:00:00;7620733;N;;;
HPO9KJPF;Jakarta Barat;F725225;HFC;2023-06-12 0:00:00;7964985;N;;;
HP0UYSLY;Jakarta Timur;F889057;HFC;2023-10-29 0:00:00;4905120;N;;;
HPFSOG6R;Jakarta Utara;F589033;HFC;2023-07-25 0:00:00;4935077;N;;;
HP9NDPX8;Jakarta Pusat;F706904;FTTH;2023-03-13 0:00:00;7564517;N;;;
HP8L2NOC;Depok;F796208;FTTH;2024-12-08 0:00:00;3886268;N;;;
HP8C9R41;Tangerang;F041844;FTTH;2024-02-16 0:00:00;4776239;N;;;
HPU8VVQR;Bekasi;F096134;FTTH;2024-11-03 0:00:00;3248581;N;;;
HPJTQJC8;Jakarta Selatan;F985962;HFC;2023-01-06 0:00:00;6915355;N;;;
HPQLBM6O;Jakarta Barat;F048343;FTTH;2024-10-24 0:00:00;3688654;N;;;
HPRKAVCG;Jakarta Timur;F637430;FTTH;2024-08-21 0:00:00;3426532;N;;;
HPPB2OP7;Jakarta Utara;F797472;FTTH;2023-07-24 0:00:00;7050577;N;;;
HPNA0FFE;Jakarta Selatan;F708541;FTTH;2023-12-16 0:00:00;5314047;Y;101;2025-01-01;2025-06-30
HPXT4D2I;Jakarta Barat;F737809;HFC;2024-11-07 0:00:00;7922462;Y;101;2025-01-01;2025-06-30
HP96S8T4;Jakarta Timur;F125728;HFC;2024-01-31 0:00:00;5215133;Y;101;2025-01-01;2025-06-30
HPBNPXVR;Jakarta Utara;F926002;FTTH;2023-11-11 0:00:00;6832417;Y;101;2025-01-01;2025-06-30
HPVON9ME;Jakarta Pusat;F951618;FTTH;2023-02-05 0:00:00;4289696;Y;101;2025-01-01;2025-06-30
HPC7YI3M;Depok;F594671;FTTH;2024-12-15 0:00:00;7982983;N;;;
HPN3ARPW;Tangerang;F647218;FTTH;2023-04-29 0:00:00;3312382;N;;;
HPSADGWM;Bekasi;F272507;FTTH;2023-07-14 0:00:00;4411516;N;;;
HPJ72YL1;Jakarta Selatan;F419512;FTTH;2024-07-09 0:00:00;3348412;N;;;
HPRHVMZO;Jakarta Barat;F725225;FTTH;2024-11-03 0:00:00;4983936;N;;;
HPVYG4KD;Jakarta Timur;F889057;FTTH;2024-07-16 0:00:00;6732187;N;;;
HPPXUCI8;Jakarta Utara;F589033;FTTH;2024-09-22 0:00:00;6249547;N;;;
HP98LKSX;Jakarta Pusat;F706904;FTTH;2024-01-17 0:00:00;3435181;N;;;
HPDL3IYB;Depok;F796208;HFC;2024-07-05 0:00:00;3564635;N;;;
HP35YKPV;Tangerang;F041844;FTTH;2023-08-20 0:00:00;6295277;N;;;
HPO06WOX;Bekasi;F096134;FTTH;2024-05-11 0:00:00;7922098;N;;;
HP029DJZ;Jakarta Selatan;F985962;FTTH;2023-08-21 0:00:00;5404206;N;;;
HPJSRZMO;Jakarta Barat;F048343;FTTH;2024-01-26 0:00:00;3302789;N;;;
HPJV3WB6;Jakarta Timur;F637430;HFC;2024-01-12 0:00:00;6779234;N;;;
HPTAU1WY;Jakarta Utara;F797472;HFC;2024-08-19 0:00:00;4573356;N;;;
HPNY7QNU;Jakarta Selatan;F708541;FTTH;2024-05-24 0:00:00;7609411;Y;101;2025-01-01;2025-06-30
HPKK4L8S;Jakarta Barat;F737809;FTTH;2023-06-13 0:00:00;3486011;Y;101;2025-01-01;2025-06-30
HPE3CF8N;Jakarta Timur;F125728;FTTH;2024-11-11 0:00:00;6542713;Y;101;2025-01-01;2025-06-30
HPOA073A;Jakarta Utara;F926002;FTTH;2024-01-31 0:00:00;4836825;Y;101;2025-01-01;2025-06-30
HP8T65P5;Jakarta Pusat;F951618;FTTH;2023-12-27 0:00:00;3986405;Y;101;2025-01-01;2025-06-30
HPJIJY1R;Depok;F594671;FTTH;2024-01-29 0:00:00;4546686;N;;;
HP4BZ5WM;Tangerang;F647218;HFC;2023-04-02 0:00:00;6606915;N;;;
HP9L2VS6;Bekasi;F272507;FTTH;2024-03-05 0:00:00;4014235;N;;;
HPLXIGCV;Jakarta Selatan;F419512;FTTH;2024-08-26 0:00:00;6680845;N;;;
HPH7T9JB;Jakarta Barat;F725225;HFC;2023-10-10 0:00:00;6245790;N;;;
HPP3UE7D;Jakarta Timur;F889057;HFC;2023-10-15 0:00:00;5805611;N;;;
HPNF0JUH;Jakarta Utara;F589033;FTTH;2024-10-17 0:00:00;3296692;N;;;
HPNIAW6A;Jakarta Pusat;F706904;FTTH;2023-12-16 0:00:00;5119008;N;;;
HPN2DPFZ;Depok;F796208;FTTH;2024-10-13 0:00:00;5884604;N;;;
HP9MUDS0;Tangerang;F041844;FTTH;2024-02-04 0:00:00;5632373;N;;;
HPE5ZP7U;Bekasi;F096134;FTTH;2023-07-09 0:00:00;3536886;N;;;
HPRDKQIP;Jakarta Selatan;F985962;FTTH;2024-04-16 0:00:00;3537948;N;;;
HPYFA4OF;Jakarta Barat;F048343;FTTH;2023-02-18 0:00:00;6934740;N;;;
HPBW278G;Jakarta Timur;F637430;FTTH;2023-05-31 0:00:00;4337289;N;;;
HPM2I2IE;Jakarta Utara;F797472;FTTH;2024-12-27 0:00:00;3070424;N;;;
HP5C78FO;Jakarta Selatan;F708541;FTTH;2024-10-11 0:00:00;6622096;Y;101;2025-01-01;2025-06-30
HPHG1RNQ;Jakarta Barat;F737809;FTTH;2023-09-12 0:00:00;7628008;Y;101;2025-01-01;2025-06-30
HP8RRUVB;Jakarta Timur;F125728;FTTH;2023-01-08 0:00:00;4346144;Y;101;2025-01-01;2025-06-30
HPKU1JQN;Jakarta Utara;F926002;FTTH;2024-03-08 0:00:00;4456009;Y;101;2025-01-01;2025-06-30
HP4324QS;Jakarta Pusat;F951618;HFC;2024-05-12 0:00:00;7497102;Y;101;2025-01-01;2025-06-30
HPMJZOKE;Depok;F594671;FTTH;2024-05-17 0:00:00;5237991;N;;;
HP2U8EY5;Tangerang;F647218;FTTH;2023-10-11 0:00:00;5721015;N;;;
HPP8ON6R;Bekasi;F272507;FTTH;2024-08-07 0:00:00;6756271;N;;;
HPIDHW1Z;Jakarta Selatan;F419512;HFC;2024-08-16 0:00:00;3499507;N;;;
HPBXBTM6;Jakarta Barat;F725225;HFC;2024-12-20 0:00:00;6632907;N;;;
HPZ63Y4K;Jakarta Timur;F889057;HFC;2024-10-28 0:00:00;3234695;N;;;
HP8JFYWR;Jakarta Utara;F589033;FTTH;2024-11-05 0:00:00;7930553;N;;;
HPPE05ID;Jakarta Pusat;F706904;FTTH;2024-02-09 0:00:00;3199308;N;;;
HP805XKT;Depok;F796208;HFC;2024-08-09 0:00:00;6200794;N;;;
HP1KYS7L;Tangerang;F041844;FTTH;2024-11-09 0:00:00;5380185;N;;;
HPKR5QLP;Bekasi;F096134;HFC;2024-07-09 0:00:00;4423094;N;;;
HPPLOJTE;Jakarta Selatan;F985962;FTTH;2023-01-13 0:00:00;5595457;N;;;
HPUVCDVU;Jakarta Barat;F048343;FTTH;2024-03-26 0:00:00;7989989;N;;;
HPDTZTG9;Jakarta Timur;F637430;HFC;2024-05-27 0:00:00;7108107;N;;;
HPRFXFFL;Jakarta Utara;F797472;FTTH;2024-08-03 0:00:00;4964728;N;;;
HP6PIWTI;Jakarta Selatan;F708541;FTTH;2024-08-13 0:00:00;6958078;Y;101;2025-01-01;2025-06-30
HP6FG2SG;Jakarta Barat;F737809;FTTH;2023-04-20 0:00:00;3007757;Y;101;2025-01-01;2025-06-30
HPYC165D;Jakarta Timur;F125728;FTTH;2023-07-01 0:00:00;3516007;Y;101;2025-01-01;2025-06-30
HPX2DJYO;Jakarta Utara;F926002;FTTH;2024-05-05 0:00:00;5248788;Y;101;2025-01-01;2025-06-30
HP0YGPX1;Jakarta Pusat;F951618;FTTH;2023-11-29 0:00:00;3470597;Y;101;2025-01-01;2025-06-30
HP8WNV8A;Depok;F594671;FTTH;2024-05-28 0:00:00;6896906;N;;;
HPM2LNSI;Tangerang;F647218;FTTH;2024-01-29 0:00:00;7345676;N;;;
HP2CI1PV;Bekasi;F272507;FTTH;2024-09-23 0:00:00;6715225;N;;;
HP46792T;Jakarta Selatan;F419512;HFC;2024-06-08 0:00:00;4159100;N;;;
HPOGIAKM;Jakarta Barat;F725225;HFC;2023-04-30 0:00:00;3174359;N;;;
HP3I8SV4;Jakarta Timur;F889057;FTTH;2024-07-14 0:00:00;3464577;N;;;
HP2F3O1S;Jakarta Utara;F589033;FTTH;2023-08-22 0:00:00;7039967;N;;;
HPIFG8IW;Jakarta Pusat;F706904;FTTH;2024-02-26 0:00:00;6021129;N;;;
HPBY7FFB;Depok;F796208;FTTH;2023-01-25 0:00:00;6082807;N;;;
HPDCRBV7;Tangerang;F041844;FTTH;2023-08-17 0:00:00;7408802;N;;;
HP2NC7E7;Bekasi;F096134;FTTH;2024-12-19 0:00:00;3137481;N;;;
HPZX03W4;Jakarta Selatan;F985962;FTTH;2024-08-07 0:00:00;4659317;N;;;
HP4SYSF3;Jakarta Barat;F048343;HFC;2023-06-21 0:00:00;4809274;N;;;
HPB64Y5H;Jakarta Timur;F637430;FTTH;2023-11-17 0:00:00;6798359;N;;;
HP6UF1RC;Jakarta Utara;F797472;FTTH;2024-08-29 0:00:00;3940447;N;;;
HPLN09WC;Jakarta Selatan;F708541;FTTH;2024-05-02 0:00:00;5793866;Y;101;2025-01-01;2025-06-30
HPEAJ02B;Jakarta Barat;F737809;FTTH;2024-01-05 0:00:00;4816887;Y;101;2025-01-01;2025-06-30
HP6GSRK8;Jakarta Timur;F125728;FTTH;2024-02-10 0:00:00;3733042;Y;101;2025-01-01;2025-06-30
HP3JVFE4;Jakarta Utara;F926002;HFC;2024-10-17 0:00:00;5612560;Y;101;2025-01-01;2025-06-30
HP45GMF4;Jakarta Pusat;F951618;FTTH;2024-11-17 0:00:00;7732251;Y;101;2025-01-01;2025-06-30
HP74RR8R;Depok;F594671;FTTH;2024-03-15 0:00:00;6723444;N;;;
HPFK5W56;Tangerang;F647218;HFC;2023-10-09 0:00:00;5563323;N;;;
HPJ0PAVR;Bekasi;F272507;HFC;2023-06-24 0:00:00;6977790;N;;;
HPPL9DTX;Jakarta Selatan;F419512;FTTH;2024-08-06 0:00:00;6395691;N;;;
HP6AX76N;Jakarta Barat;F725225;FTTH;2023-05-12 0:00:00;6415186;N;;;
HPU1MXME;Jakarta Timur;F889057;FTTH;2023-03-09 0:00:00;6281902;N;;;
HP64ME8T;Jakarta Utara;F589033;FTTH;2024-04-05 0:00:00;4584746;N;;;
HPJSQ446;Jakarta Pusat;F706904;FTTH;2023-09-07 0:00:00;4118957;N;;;
HPV8MYUU;Depok;F796208;FTTH;2023-12-02 0:00:00;5799792;N;;;
HPCE109D;Tangerang;F041844;FTTH;2023-02-10 0:00:00;5673409;N;;;
HPD0PH48;Bekasi;F096134;HFC;2023-11-12 0:00:00;4010840;N;;;
HPKXQUKF;Jakarta Selatan;F985962;HFC;2023-04-03 0:00:00;6980087;N;;;
HP6PZJOQ;Jakarta Barat;F048343;FTTH;2023-02-04 0:00:00;5306072;N;;;
HPEYI2LR;Jakarta Timur;F637430;FTTH;2023-12-30 0:00:00;7204794;N;;;
HPFYCXLU;Jakarta Utara;F797472;FTTH;2024-01-30 0:00:00;3231876;N;;;
HP1E7LX1;Jakarta Selatan;F708541;HFC;2023-08-05 0:00:00;6163003;Y;101;2025-01-01;2025-06-30
HPUARQXP;Jakarta Barat;F737809;FTTH;2024-01-10 0:00:00;5654666;Y;101;2025-01-01;2025-06-30
HPKAX507;Jakarta Timur;F125728;HFC;2023-12-05 0:00:00;6023935;Y;101;2025-01-01;2025-06-30
HPP8MRNM;Jakarta Utara;F926002;HFC;2023-09-21 0:00:00;6348492;Y;101;2025-01-01;2025-06-30
HPDK9GT1;Jakarta Pusat;F951618;FTTH;2024-03-28 0:00:00;4671513;Y;101;2025-01-01;2025-06-30
HPU7TKI1;Depok;F594671;FTTH;2023-11-06 0:00:00;4941841;N;;;
HP27F0LT;Tangerang;F647218;FTTH;2023-10-30 0:00:00;4102234;N;;;
HPU7KKIY;Bekasi;F272507;FTTH;2024-03-07 0:00:00;3672755;N;;;
HP0Y4BLK;Jakarta Selatan;F419512;HFC;2024-07-28 0:00:00;4948002;N;;;
HPOSBGL9;Jakarta Barat;F725225;FTTH;2023-03-31 0:00:00;6715623;N;;;
HPG7SH3G;Jakarta Timur;F889057;HFC;2023-05-17 0:00:00;4000334;N;;;
HPOQP9EY;Jakarta Utara;F589033;FTTH;2024-09-20 0:00:00;4987350;N;;;
HPV5A98C;Jakarta Pusat;F706904;FTTH;2023-01-23 0:00:00;5831229;N;;;
HPF5RNFE;Depok;F796208;HFC;2024-05-16 0:00:00;6282477;N;;;
HP2TZ0VM;Tangerang;F041844;FTTH;2024-06-13 0:00:00;5980087;N;;;
HP4PDCWZ;Bekasi;F096134;FTTH;2024-01-16 0:00:00;6800825;N;;;
HPTWCA4E;Jakarta Selatan;F985962;HFC;2023-08-15 0:00:00;3436148;N;;;
HPCFXMO7;Jakarta Barat;F048343;FTTH;2023-05-31 0:00:00;5974661;N;;;
HPPG4MCY;Jakarta Timur;F637430;HFC;2023-05-02 0:00:00;7152806;N;;;
HPN4TD0M;Jakarta Utara;F797472;FTTH;2024-10-20 0:00:00;7304296;N;;;
HPCWICH4;Jakarta Selatan;F708541;FTTH;2024-11-16 0:00:00;3018326;Y;101;2025-01-01;2025-06-30
HPMQOFA3;Jakarta Barat;F737809;FTTH;2023-08-03 0:00:00;7680123;Y;101;2025-01-01;2025-06-30
HPEOYH9H;Jakarta Timur;F125728;FTTH;2024-07-17 0:00:00;4922912;Y;101;2025-01-01;2025-06-30
HP8B5AA6;Jakarta Utara;F926002;HFC;2024-03-25 0:00:00;5733141;Y;101;2025-01-01;2025-06-30
HP8B29S6;Jakarta Pusat;F951618;FTTH;2023-03-19 0:00:00;6880822;Y;101;2025-01-01;2025-06-30
HP721JAL;Depok;F594671;FTTH;2024-04-29 0:00:00;7920054;N;;;
HPQ7ZHJT;Tangerang;F647218;FTTH;2024-09-24 0:00:00;6376838;N;;;
HP98MM9R;Bekasi;F272507;FTTH;2023-12-18 0:00:00;4082738;N;;;
HPNZC2DE;Jakarta Selatan;F419512;FTTH;2023-09-26 0:00:00;6074693;N;;;
HPG4SNHS;Jakarta Barat;F725225;FTTH;2023-02-15 0:00:00;3379336;N;;;
HPU91SB7;Jakarta Timur;F889057;FTTH;2024-11-04 0:00:00;7655377;N;;;
HPTK2V7T;Jakarta Utara;F589033;FTTH;2024-03-18 0:00:00;6502251;N;;;
HPJD2VQW;Jakarta Pusat;F706904;HFC;2023-04-07 0:00:00;6470165;N;;;
HP7KSBRM;Depok;F796208;FTTH;2023-03-16 0:00:00;4367473;N;;;
HPPTF47N;Tangerang;F041844;HFC;2024-11-21 0:00:00;4750138;N;;;
HPTD2T2F;Bekasi;F096134;FTTH;2024-07-20 0:00:00;5991472;N;;;
HPV2ZC95;Jakarta Selatan;F985962;FTTH;2023-01-11 0:00:00;4079421;N;;;
HPTMNSUP;Jakarta Barat;F048343;FTTH;2024-05-09 0:00:00;4722971;N;;;
HPHD2PGI;Jakarta Timur;F637430;FTTH;2023-11-02 0:00:00;3599852;N;;;
HPZ71Z47;Jakarta Utara;F797472;FTTH;2023-05-22 0:00:00;7552187;N;;;
HPRIMS4K;Jakarta Selatan;F708541;FTTH;2023-06-07 0:00:00;3691789;Y;101;2025-01-01;2025-06-30
HPLVKYHL;Jakarta Barat;F737809;FTTH;2024-07-19 0:00:00;6763117;Y;101;2025-01-01;2025-06-30
HPIMXDP2;Jakarta Timur;F125728;HFC;2024-01-07 0:00:00;7140813;Y;101;2025-01-01;2025-06-30
HPE5PEMJ;Jakarta Utara;F926002;FTTH;2024-04-06 0:00:00;4422410;Y;101;2025-01-01;2025-06-30
HP3200TR;Jakarta Pusat;F951618;FTTH;2023-12-16 0:00:00;4058702;Y;101;2025-01-01;2025-06-30
HPESXFP6;Depok;F594671;FTTH;2024-04-10 0:00:00;4855114;N;;;
HPTECHWT;Tangerang;F647218;FTTH;2023-12-17 0:00:00;3916326;N;;;
HP9K6BAM;Bekasi;F272507;HFC;2023-07-07 0:00:00;6386490;N;;;
HPK1USV5;Jakarta Selatan;F419512;HFC;2024-04-24 0:00:00;3178697;N;;;
HPTZLHDE;Jakarta Barat;F725225;HFC;2023-03-09 0:00:00;4830353;N;;;
HP0UDUMG;Jakarta Timur;F889057;FTTH;2023-02-24 0:00:00;7882698;N;;;
HP7LI8G1;Jakarta Utara;F589033;HFC;2023-03-18 0:00:00;4120099;N;;;
HP6OXVSG;Jakarta Pusat;F706904;FTTH;2024-03-17 0:00:00;4044180;N;;;
HPD39A9S;Depok;F796208;FTTH;2024-12-30 0:00:00;3140492;N;;;
HPE2SP5H;Tangerang;F041844;HFC;2023-10-24 0:00:00;5461098;N;;;
HPPQZEEB;Bekasi;F096134;FTTH;2023-10-06 0:00:00;5840020;N;;;
HPFT82LR;Jakarta Selatan;F985962;HFC;2023-09-08 0:00:00;6458811;N;;;
HPJVZ0L7;Jakarta Barat;F048343;HFC;2023-09-15 0:00:00;4171728;N;;;
HPXIOTWV;Jakarta Timur;F637430;FTTH;2023-06-11 0:00:00;7315024;N;;;
HP9WQ9QD;Jakarta Utara;F797472;HFC;2024-12-05 0:00:00;7462318;N;;;
HP0SGP3T;Jakarta Selatan;F708541;HFC;2023-02-02 0:00:00;3321973;Y;101;2025-01-01;2025-06-30
HPJGB27P;Jakarta Barat;F737809;FTTH;2024-07-07 0:00:00;7463416;Y;101;2025-01-01;2025-06-30
HP41FOR8;Jakarta Timur;F125728;FTTH;2023-04-11 0:00:00;5492580;Y;101;2025-01-01;2025-06-30
HPLYIQA0;Jakarta Utara;F926002;FTTH;2024-09-30 0:00:00;5255223;Y;101;2025-01-01;2025-06-30
HPUJPWR9;Jakarta Pusat;F951618;FTTH;2024-04-30 0:00:00;6336543;Y;101;2025-01-01;2025-06-30
HPUFJX6O;Depok;F594671;HFC;2023-09-24 0:00:00;7781761;N;;;
HPS965SS;Tangerang;F647218;FTTH;2024-05-21 0:00:00;6925882;N;;;
HPPSRT0G;Bekasi;F272507;HFC;2024-12-07 0:00:00;5859273;N;;;
HP8IF31D;Jakarta Selatan;F419512;FTTH;2023-07-27 0:00:00;7967866;N;;;
HPW5FBCW;Jakarta Barat;F725225;FTTH;2024-03-23 0:00:00;5220386;N;;;
HPJJZ9N3;Jakarta Timur;F889057;FTTH;2023-08-02 0:00:00;5786588;N;;;
HPTLIY5X;Jakarta Utara;F589033;FTTH;2023-04-13 0:00:00;4525372;N;;;
HPZJY9J4;Jakarta Pusat;F706904;FTTH;2023-12-28 0:00:00;6091954;N;;;
HPY1VEHW;Depok;F796208;HFC;2024-01-27 0:00:00;4545326;N;;;
HPP95DLR;Tangerang;F041844;FTTH;2023-10-13 0:00:00;6895659;N;;;
HPBC9IN4;Bekasi;F096134;HFC;2023-01-13 0:00:00;5588242;N;;;
HP9MCLG2;Jakarta Selatan;F985962;FTTH;2024-08-05 0:00:00;4026219;N;;;
HP0ESMXN;Jakarta Barat;F048343;FTTH;2023-09-14 0:00:00;7555376;N;;;
HPXQKYVC;Jakarta Timur;F637430;FTTH;2023-12-29 0:00:00;3243442;N;;;
HP6AI96K;Jakarta Utara;F797472;FTTH;2023-12-19 0:00:00;3475305;N;;;
HP0G6AG0;Jakarta Selatan;F708541;HFC;2024-01-17 0:00:00;3786251;Y;101;2025-01-01;2025-06-30
HP7QFODO;Jakarta Barat;F737809;FTTH;2024-06-17 0:00:00;4709255;Y;101;2025-01-01;2025-06-30
HP25AD4J;Jakarta Timur;F125728;FTTH;2024-04-17 0:00:00;5183080;Y;101;2025-01-01;2025-06-30
HPO6HNO4;Jakarta Utara;F926002;FTTH;2024-10-08 0:00:00;7464365;Y;101;2025-01-01;2025-06-30
HPLCGM5T;Jakarta Pusat;F951618;FTTH;2023-02-17 0:00:00;4849699;Y;101;2025-01-01;2025-06-30
HPGQZFXX;Depok;F594671;HFC;2024-06-27 0:00:00;5532453;N;;;
HPCG6BUQ;Tangerang;F647218;FTTH;2024-01-07 0:00:00;4688085;N;;;
HPR17Z8V;Bekasi;F272507;FTTH;2023-02-07 0:00:00;7293094;N;;;
HP6BMEPM;Jakarta Selatan;F419512;FTTH;2023-09-26 0:00:00;4507688;N;;;
HPR95ENM;Jakarta Barat;F725225;FTTH;2023-03-13 0:00:00;6071348;N;;;
HPUOJ02I;Jakarta Timur;F889057;HFC;2023-03-30 0:00:00;3486198;N;;;
HP2T5Q1M;Jakarta Utara;F589033;FTTH;2024-12-17 0:00:00;5540935;N;;;
HPMGQ4RY;Jakarta Pusat;F706904;FTTH;2024-08-22 0:00:00;3769788;N;;;
HPJ7D5ZM;Depok;F796208;FTTH;2024-09-11 0:00:00;7772540;N;;;
HPSEV9SB;Tangerang;F041844;FTTH;2024-07-12 0:00:00;3608912;N;;;
HPGUMY55;Bekasi;F096134;FTTH;2023-08-04 0:00:00;7395651;N;;;
HPH8GTEB;Jakarta Selatan;F985962;FTTH;2023-05-13 0:00:00;7523802;N;;;
HP8KMY2Q;Jakarta Barat;F048343;HFC;2024-08-04 0:00:00;5786075;N;;;
HPBNOU2N;Jakarta Timur;F637430;HFC;2024-06-01 0:00:00;4873587;N;;;
HPFQ92JO;Jakarta Utara;F797472;FTTH;2023-02-27 0:00:00;5766816;N;;;
HPU3T9QD;Jakarta Selatan;F708541;FTTH;2024-10-14 0:00:00;4113581;Y;101;2025-01-01;2025-06-30
HPE1OIP5;Jakarta Barat;F737809;FTTH;2024-01-21 0:00:00;3066421;Y;101;2025-01-01;2025-06-30
HP2P93FZ;Jakarta Timur;F125728;FTTH;2023-06-11 0:00:00;3301657;Y;101;2025-01-01;2025-06-30
HPSTA3LZ;Jakarta Utara;F926002;FTTH;2024-05-05 0:00:00;4435170;Y;101;2025-01-01;2025-06-30
HPVNL5X2;Jakarta Pusat;F951618;FTTH;2023-08-13 0:00:00;7934169;Y;101;2025-01-01;2025-06-30
HPAH64OO;Depok;F594671;FTTH;2024-05-12 0:00:00;7162683;N;;;
HPWXAQ0K;Tangerang;F647218;HFC;2024-06-22 0:00:00;4419786;N;;;
HPXZJFT9;Bekasi;F272507;HFC;2023-04-17 0:00:00;5498432;N;;;
HPJ8TKHC;Jakarta Selatan;F419512;FTTH;2024-11-29 0:00:00;7003492;N;;;
HPELJ60D;Jakarta Barat;F725225;FTTH;2024-04-17 0:00:00;5154858;N;;;
HP8BT1N5;Jakarta Timur;F889057;HFC;2024-07-07 0:00:00;3297701;N;;;
HPAJMAZE;Jakarta Utara;F589033;FTTH;2023-09-03 0:00:00;4088001;N;;;
HP7SJYBV;Jakarta Pusat;F706904;HFC;2023-10-28 0:00:00;3128132;N;;;
HPV9DU0E;Depok;F796208;FTTH;2024-12-25 0:00:00;7329775;N;;;
HPC329H3;Tangerang;F041844;FTTH;2024-10-15 0:00:00;5695360;N;;;
HP1K5JC7;Bekasi;F096134;FTTH;2024-01-29 0:00:00;7157104;N;;;
HP6LVXUD;Jakarta Selatan;F985962;FTTH;2024-01-17 0:00:00;7615473;N;;;
HP41Y8B4;Jakarta Barat;F048343;FTTH;2023-05-30 0:00:00;5317567;N;;;
HPEIAO55;Jakarta Timur;F637430;FTTH;2023-01-09 0:00:00;7862864;N;;;
HPGQF5BW;Jakarta Utara;F797472;FTTH;2023-10-25 0:00:00;5598106;N;;;
HP1RH998;Jakarta Selatan;F708541;FTTH;2024-01-22 0:00:00;7087995;Y;101;2025-01-01;2025-06-30
HPMR1NV1;Jakarta Barat;F737809;HFC;2024-09-23 0:00:00;6167871;Y;101;2025-01-01;2025-06-30
HP03F4DH;Jakarta Timur;F125728;FTTH;2023-10-19 0:00:00;3174631;Y;101;2025-01-01;2025-06-30
HPF131TB;Jakarta Utara;F926002;FTTH;2024-03-30 0:00:00;3157723;Y;101;2025-01-01;2025-06-30
HPN07O34;Jakarta Pusat;F951618;FTTH;2024-05-23 0:00:00;3414299;Y;101;2025-01-01;2025-06-30
HPQYR89X;Depok;F594671;HFC;2023-12-13 0:00:00;3908541;N;;;
HPLHU1OC;Tangerang;F647218;HFC;2024-08-13 0:00:00;6032809;N;;;
HPWNQ190;Bekasi;F272507;HFC;2023-10-18 0:00:00;3676926;N;;;
HP24KK3Z;Jakarta Selatan;F419512;HFC;2023-06-16 0:00:00;3423194;N;;;
HPL9E12L;Jakarta Barat;F725225;HFC;2023-03-09 0:00:00;5810453;N;;;
HP4R2KJO;Jakarta Timur;F889057;FTTH;2024-03-30 0:00:00;5660436;N;;;
HPS1C6K1;Jakarta Utara;F589033;FTTH;2024-12-14 0:00:00;3314844;N;;;
HPOLRDPQ;Jakarta Pusat;F706904;FTTH;2023-07-13 0:00:00;6191464;N;;;
HP99K5EZ;Depok;F796208;FTTH;2024-06-05 0:00:00;5201149;N;;;
HPH5FGDL;Tangerang;F041844;FTTH;2024-03-07 0:00:00;4717698;N;;;
HPZ0WWIO;Bekasi;F096134;FTTH;2024-11-26 0:00:00;3720181;N;;;
HPFGIONK;Jakarta Selatan;F985962;HFC;2023-05-31 0:00:00;4512683;N;;;
HPYOS028;Jakarta Barat;F048343;FTTH;2023-09-11 0:00:00;3314165;N;;;
HP5CPZW0;Jakarta Timur;F637430;FTTH;2024-01-28 0:00:00;7323596;N;;;
HP1ZCSZT;Jakarta Utara;F797472;FTTH;2023-01-13 0:00:00;5426796;N;;;
HPMYZI31;Jakarta Selatan;F708541;FTTH;2024-06-17 0:00:00;3594505;Y;101;2025-01-01;2025-06-30
HP0G01GU;Jakarta Barat;F737809;HFC;2024-10-12 0:00:00;3829217;Y;101;2025-01-01;2025-06-30
HP1X339O;Jakarta Timur;F125728;FTTH;2023-04-27 0:00:00;5759233;Y;101;2025-01-01;2025-06-30
HPZ10JH8;Jakarta Utara;F926002;FTTH;2023-04-08 0:00:00;5825442;Y;101;2025-01-01;2025-06-30
HPLRWMSP;Jakarta Pusat;F951618;FTTH;2024-05-06 0:00:00;3435065;Y;101;2025-01-01;2025-06-30
HPQGYLKD;Depok;F594671;FTTH;2024-03-09 0:00:00;4322679;N;;;
HPB8LHWI;Tangerang;F647218;FTTH;2024-04-06 0:00:00;4927096;N;;;
HPUCF5OG;Bekasi;F272507;HFC;2024-11-22 0:00:00;6310236;N;;;
HP0153B8;Jakarta Selatan;F419512;FTTH;2023-08-22 0:00:00;6041440;N;;;
HPS5HVUK;Jakarta Barat;F725225;FTTH;2023-10-23 0:00:00;5264239;N;;;
HPJL5GTI;Jakarta Timur;F889057;FTTH;2024-03-10 0:00:00;7260822;N;;;
HPHW6B9B;Jakarta Utara;F589033;FTTH;2024-05-22 0:00:00;5718610;N;;;
HPWFXSJU;Jakarta Pusat;F706904;FTTH;2024-11-09 0:00:00;6457541;N;;;
HPRL5FIX;Depok;F796208;FTTH;2023-06-19 0:00:00;3502445;N;;;
HPYAUYCB;Tangerang;F041844;FTTH;2024-07-11 0:00:00;5467838;N;;;
HPT9BUUK;Bekasi;F096134;FTTH;2023-08-31 0:00:00;4746356;N;;;
HPVBJDC2;Jakarta Selatan;F985962;FTTH;2024-09-14 0:00:00;5636200;N;;;
HP8NXFMU;Jakarta Barat;F048343;FTTH;2023-02-12 0:00:00;5292906;N;;;
HPA44Z1W;Jakarta Timur;F637430;FTTH;2023-06-29 0:00:00;7179448;N;;;
HPBZ0E6I;Jakarta Utara;F797472;HFC;2023-02-23 0:00:00;4726495;N;;;
HP4L4IRS;Jakarta Selatan;F708541;FTTH;2023-07-19 0:00:00;4281382;Y;101;2025-01-01;2025-06-30
HPFGS2UX;Jakarta Barat;F737809;FTTH;2024-11-02 0:00:00;6831576;Y;101;2025-01-01;2025-06-30
HP98JOV5;Jakarta Timur;F125728;FTTH;2023-04-03 0:00:00;6123322;Y;101;2025-01-01;2025-06-30
HP7P174K;Jakarta Utara;F926002;FTTH;2024-11-01 0:00:00;4510546;Y;101;2025-01-01;2025-06-30
HP0UHGYV;Jakarta Pusat;F951618;HFC;2023-03-13 0:00:00;6560061;Y;101;2025-01-01;2025-06-30
HPXFWIPQ;Depok;F594671;FTTH;2024-12-16 0:00:00;6321073;N;;;
HPON0TGN;Tangerang;F647218;FTTH;2023-02-04 0:00:00;5563885;N;;;
HP92P317;Bekasi;F272507;HFC;2023-04-17 0:00:00;3647459;N;;;
HP4VGU6J;Jakarta Selatan;F419512;FTTH;2023-02-25 0:00:00;6473310;N;;;
HPI4I9I5;Jakarta Barat;F725225;FTTH;2023-11-03 0:00:00;7840153;N;;;
HP2OOK8Y;Jakarta Timur;F889057;FTTH;2023-04-19 0:00:00;3252462;N;;;
HP80532F;Jakarta Utara;F589033;FTTH;2024-11-09 0:00:00;4622191;N;;;
HP19I2LN;Jakarta Pusat;F706904;HFC;2023-10-28 0:00:00;4222000;N;;;
HPUKMCKA;Depok;F796208;FTTH;2024-03-17 0:00:00;7989377;N;;;
HPXGU9DU;Tangerang;F041844;FTTH;2024-01-09 0:00:00;5855948;N;;;
HP8UFX7M;Bekasi;F096134;FTTH;2024-01-31 0:00:00;3371607;N;;;
HPWWDVGC;Jakarta Selatan;F985962;FTTH;2023-07-21 0:00:00;3207635;N;;;
HPCQSX97;Jakarta Barat;F048343;FTTH;2024-07-03 0:00:00;7232909;N;;;
HPCRVZ74;Jakarta Timur;F637430;FTTH;2024-09-09 0:00:00;3234080;N;;;
HP37JP4A;Jakarta Utara;F797472;HFC;2023-04-15 0:00:00;3765146;N;;;
HP756JC9;Jakarta Selatan;F708541;FTTH;2024-02-06 0:00:00;6470305;Y;101;2025-01-01;2025-06-30
HPTYAL0X;Jakarta Barat;F737809;HFC;2024-03-16 0:00:00;7294875;Y;101;2025-01-01;2025-06-30
HPP6G8P0;Jakarta Timur;F125728;HFC;2024-12-31 0:00:00;6446939;Y;101;2025-01-01;2025-06-30
HPE9A7M1;Jakarta Utara;F926002;FTTH;2024-10-27 0:00:00;4276188;Y;101;2025-01-01;2025-06-30
HPPDT7IG;Jakarta Pusat;F951618;HFC;2024-01-31 0:00:00;6478897;Y;101;2025-01-01;2025-06-30
HPMVQCVC;Depok;F594671;HFC;2024-06-30 0:00:00;7172640;N;;;
HP3TAIWL;Tangerang;F647218;HFC;2024-11-16 0:00:00;3580706;N;;;
HPHOB2B0;Bekasi;F272507;FTTH;2023-11-15 0:00:00;5399931;N;;;
HPTHUBVQ;Jakarta Selatan;F419512;FTTH;2023-09-27 0:00:00;7518755;N;;;
HP0GK4LO;Jakarta Barat;F725225;HFC;2023-09-14 0:00:00;4802894;N;;;
HPWXP23Y;Jakarta Timur;F889057;HFC;2024-11-15 0:00:00;7158219;N;;;
HPS11GTD;Jakarta Utara;F589033;FTTH;2023-08-15 0:00:00;4473353;N;;;
HPTE9KM5;Jakarta Pusat;F706904;HFC;2023-05-24 0:00:00;4794470;N;;;
HP5VJYS3;Depok;F796208;FTTH;2024-01-30 0:00:00;6328674;N;;;
HPK78984;Tangerang;F041844;HFC;2024-07-21 0:00:00;3240784;N;;;
HPAHCTI8;Bekasi;F096134;FTTH;2024-04-24 0:00:00;7356042;N;;;
HPGKUH36;Jakarta Selatan;F985962;FTTH;2024-11-08 0:00:00;5409298;N;;;
HPA0XKVS;Jakarta Barat;F048343;HFC;2024-03-22 0:00:00;4896390;N;;;
HPVU4QIW;Jakarta Timur;F637430;FTTH;2024-03-03 0:00:00;5441725;N;;;
HPXX36I9;Jakarta Utara;F797472;FTTH;2024-10-30 0:00:00;3212022;N;;;
HPM13K1Z;Jakarta Selatan;F708541;HFC;2023-08-04 0:00:00;4782443;Y;101;2025-01-01;2025-06-30
HP3DS7DP;Jakarta Barat;F737809;FTTH;2024-10-01 0:00:00;3366409;Y;101;2025-01-01;2025-06-30
HP35O046;Jakarta Timur;F125728;FTTH;2024-06-26 0:00:00;4734350;Y;101;2025-01-01;2025-06-30
HP5GB0M3;Jakarta Utara;F926002;FTTH;2023-05-14 0:00:00;7290848;Y;101;2025-01-01;2025-06-30
HP88TZQT;Jakarta Pusat;F951618;HFC;2023-02-10 0:00:00;3678304;Y;101;2025-01-01;2025-06-30
HPX5I1CF;Depok;F594671;FTTH;2023-11-25 0:00:00;5624014;N;;;
HPVHF2K4;Tangerang;F647218;HFC;2024-01-31 0:00:00;4176050;N;;;
HP1E4J4N;Bekasi;F272507;FTTH;2023-04-28 0:00:00;7258101;N;;;
HP2KMEQL;Jakarta Selatan;F419512;FTTH;2024-09-06 0:00:00;7143685;N;;;
HP0E7E8T;Jakarta Barat;F725225;HFC;2023-03-25 0:00:00;6742260;N;;;
HPZ0A1XE;Jakarta Timur;F889057;HFC;2023-06-17 0:00:00;5571084;N;;;
HPAVMMXV;Jakarta Utara;F589033;FTTH;2024-09-15 0:00:00;6429813;N;;;
HPYQCTAV;Jakarta Pusat;F706904;HFC;2023-03-27 0:00:00;5214753;N;;;
HPUU4JXG;Depok;F796208;FTTH;2023-10-16 0:00:00;4886547;N;;;
HP20YFBL;Tangerang;F041844;FTTH;2023-03-20 0:00:00;6993513;N;;;
HP5QOGFC;Bekasi;F096134;FTTH;2024-05-28 0:00:00;4780578;N;;;
HPTS814O;Jakarta Selatan;F985962;HFC;2024-08-06 0:00:00;7277992;N;;;
HP2YYHR1;Jakarta Barat;F048343;FTTH;2024-07-23 0:00:00;4963060;N;;;
HPD3VM8L;Jakarta Timur;F637430;FTTH;2024-03-16 0:00:00;6623927;N;;;
HPTJC27O;Jakarta Utara;F797472;FTTH;2023-05-13 0:00:00;5805706;N;;;
HPD361DE;Jakarta Selatan;F708541;FTTH;2023-02-04 0:00:00;4336080;Y;101;2025-01-01;2025-06-30
HPFCN4F2;Jakarta Barat;F737809;FTTH;2023-04-27 0:00:00;5008229;Y;101;2025-01-01;2025-06-30
HPMJ5B72;Jakarta Timur;F125728;FTTH;2023-11-11 0:00:00;4128408;Y;101;2025-01-01;2025-06-30
HPO0X4VP;Jakarta Utara;F926002;FTTH;2023-04-22 0:00:00;3677928;Y;101;2025-01-01;2025-06-30
HPAXFTON;Jakarta Pusat;F951618;HFC;2023-05-30 0:00:00;4815701;Y;101;2025-01-01;2025-06-30
HPZ2YEVQ;Depok;F594671;FTTH;2024-03-03 0:00:00;6468703;N;;;
HPULFDR3;Tangerang;F647218;HFC;2023-07-20 0:00:00;6724418;N;;;
HPAT4R99;Bekasi;F272507;HFC;2024-03-11 0:00:00;5426640;N;;;
HP3KHSXM;Jakarta Selatan;F419512;HFC;2024-09-30 0:00:00;4254970;N;;;
HP4DQRSA;Jakarta Barat;F725225;FTTH;2024-01-09 0:00:00;3272121;N;;;
HPSRDB8J;Jakarta Timur;F889057;FTTH;2023-06-12 0:00:00;6491060;N;;;
HPFTKWAM;Jakarta Utara;F589033;FTTH;2023-07-25 0:00:00;7279680;N;;;
HPITC3XO;Jakarta Pusat;F706904;HFC;2024-09-24 0:00:00;3243683;N;;;
HPKHGT2Z;Depok;F796208;FTTH;2023-05-22 0:00:00;7900556;N;;;
HPBBJ2YD;Tangerang;F041844;FTTH;2023-10-29 0:00:00;3084873;N;;;
HPQWN7YB;Bekasi;F096134;FTTH;2024-07-25 0:00:00;5585111;N;;;
HPN916BO;Jakarta Selatan;F985962;FTTH;2023-05-19 0:00:00;3308577;N;;;
HPSZHBP9;Jakarta Barat;F048343;FTTH;2024-01-25 0:00:00;4369672;N;;;
HPD5VY9K;Jakarta Timur;F637430;FTTH;2024-04-17 0:00:00;4177879;N;;;
HP3MKJTZ;Jakarta Utara;F797472;FTTH;2023-09-24 0:00:00;4618609;N;;;
HPDPNRI2;Jakarta Selatan;F708541;HFC;2023-11-06 0:00:00;5473824;Y;101;2025-01-01;2025-06-30
HPTU2TQH;Jakarta Barat;F737809;FTTH;2023-04-26 0:00:00;7544056;Y;101;2025-01-01;2025-06-30
HPN62BMN;Jakarta Timur;F125728;FTTH;2023-12-29 0:00:00;3202626;Y;101;2025-01-01;2025-06-30
HPBCCMUH;Jakarta Utara;F926002;FTTH;2023-07-26 0:00:00;6976559;Y;101;2025-01-01;2025-06-30
HPZ9Z87E;Jakarta Pusat;F951618;FTTH;2023-12-23 0:00:00;5160758;Y;101;2025-01-01;2025-06-30
HPZGN3H0;Depok;F594671;FTTH;2023-08-15 0:00:00;7473644;N;;;
HPNC5T13;Tangerang;F647218;FTTH;2023-08-08 0:00:00;3337807;N;;;
HP7P3W57;Bekasi;F272507;FTTH;2023-11-12 0:00:00;4167288;N;;;
HPXJC6FT;Jakarta Selatan;F419512;FTTH;2023-08-31 0:00:00;4280676;N;;;
HPUJPK5A;Jakarta Barat;F725225;FTTH;2023-07-19 0:00:00;5794425;N;;;
HP8ALVNI;Jakarta Timur;F889057;HFC;2024-11-10 0:00:00;4849697;N;;;
HP0E7V7F;Jakarta Utara;F589033;FTTH;2023-12-03 0:00:00;6545092;N;;;
HPLZ12XG;Jakarta Pusat;F706904;FTTH;2023-09-11 0:00:00;6678229;N;;;
HPM99KVO;Depok;F796208;FTTH;2024-07-16 0:00:00;6822934;N;;;
HPC3LRBE;Tangerang;F041844;FTTH;2023-01-05 0:00:00;5937689;N;;;
HPLGLFS8;Bekasi;F096134;FTTH;2024-10-14 0:00:00;4337808;N;;;
HPYL3RL7;Jakarta Selatan;F985962;FTTH;2024-02-04 0:00:00;4908364;N;;;
HPWSTSPC;Jakarta Barat;F048343;FTTH;2024-11-19 0:00:00;6211484;N;;;
HP636B9Z;Jakarta Timur;F637430;FTTH;2024-11-10 0:00:00;4754856;N;;;
HPJBWP3Z;Jakarta Utara;F797472;FTTH;2024-03-20 0:00:00;7885227;N;;;
